method,split_mode,seed,frequency_um_inv,period_um,frc,threshold_1_7,threshold_half_bit,n_ring_pixels,hr_pitch_um,pixel_size_um
c_nodr_x_drz__xa_yb,cross_method_pair,-1,0.0,inf,0.999996454236942,0.14285714285714285,0.7560610050770457,3,10.0,20.0
c_nodr_x_drz__xa_yb,cross_method_pair,-1,0.00011160714285714285,8960.0,0.9999074128430377,0.14285714285714285,0.5160568456025979,12,10.0,20.0
c_nodr_x_drz__xa_yb,cross_method_pair,-1,0.0002232142857142857,4480.0,0.9997902598465854,0.14285714285714285,0.43846389609946435,22,10.0,20.0
c_nodr_x_drz__xa_yb,cross_method_pair,-1,0.0003348214285714286,2986.6666666666665,0.9999073700843527,0.14285714285714285,0.41192739958594665,28,10.0,20.0
c_nodr_x_drz__xa_yb,cross_method_pair,-1,0.0004464285714285714,2240.0,0.9995844816315953,0.14285714285714285,0.37684928940895107,40,10.0,20.0
c_nodr_x_drz__xa_yb,cross_method_pair,-1,0.0005580357142857143,1792.0,0.9998944316129633,0.14285714285714285,0.3572655453148874,50,10.0,20.0
c_nodr_x_drz__xa_yb,cross_method_pair,-1,0.0006696428571428571,1493.3333333333333,0.9996502492821288,0.14285714285714285,0.3607189084162777,48,10.0,20.0
c_nodr_x_drz__xa_yb,cross_method_pair,-1,0.0007812499999999999,1280.0,0.9991955313407763,0.14285714285714285,0.33301944154606616,68,10.0,20.0
c_nodr_x_drz__xa_yb,cross_method_pair,-1,0.0008928571428571428,1120.0,0.9988705000144575,0.14285714285714285,0.3308883459615167,70,10.0,20.0
c_nodr_x_drz__xa_yb,cross_method_pair,-1,0.0010044642857142856,995.5555555555557,0.9986184846134847,0.14285714285714285,0.32498105977643776,76,10.0,20.0
c_nodr_x_drz__xa_yb,cross_method_pair,-1,0.0011160714285714285,896.0,0.9986546612202695,0.14285714285714285,0.3120228149867766,92,10.0,20.0
c_nodr_x_drz__xa_yb,cross_method_pair,-1,0.0012276785714285714,814.5454545454546,0.9978580112706469,0.14285714285714285,0.30307454563671804,106,10.0,20.0
c_nodr_x_drz__xa_yb,cross_method_pair,-1,0.0013392857142857143,746.6666666666666,0.9971660140812846,0.14285714285714285,0.309276869488276,96,10.0,20.0
c_nodr_x_drz__xa_yb,cross_method_pair,-1,0.0014508928571428572,689.2307692307692,0.9975829154661464,0.14285714285714285,0.297657677511583,116,10.0,20.0
c_nodr_x_drz__xa_yb,cross_method_pair,-1,0.0015624999999999999,640.0,0.9969527428264698,0.14285714285714285,0.28942028891226607,134,10.0,20.0
c_nodr_x_drz__xa_yb,cross_method_pair,-1,0.0016741071428571428,597.3333333333334,0.9945998685338109,0.14285714285714285,0.2956748612128594,120,10.0,20.0
c_nodr_x_drz__xa_yb,cross_method_pair,-1,0.0017857142857142857,560.0,0.9960626473982886,0.14285714285714285,0.28476380812712476,146,10.0,20.0
c_nodr_x_drz__xa_yb,cross_method_pair,-1,0.0018973214285714286,527.0588235294118,0.9950466302699924,0.14285714285714285,0.2812856424436456,156,10.0,20.0
c_nodr_x_drz__xa_yb,cross_method_pair,-1,0.0020089285714285712,497.7777777777778,0.997233024222898,0.14285714285714285,0.28702018719502587,140,10.0,20.0
c_nodr_x_drz__xa_yb,cross_method_pair,-1,0.002120535714285714,471.5789473684211,0.9957135141693748,0.14285714285714285,0.2757709533720164,174,10.0,20.0
c_nodr_x_drz__xa_yb,cross_method_pair,-1,0.002232142857142857,448.0,0.9977625722483581,0.14285714285714285,0.27520913338899333,176,10.0,20.0
c_nodr_x_drz__xa_yb,cross_method_pair,-1,0.00234375,426.6666666666667,0.9984723669723997,0.14285714285714285,0.273051000260408,184,10.0,20.0
c_nodr_x_drz__xa_yb,cross_method_pair,-1,0.002455357142857143,407.2727272727273,0.9979633050112767,0.14285714285714285,0.2705369635786124,194,10.0,20.0
c_nodr_x_drz__xa_yb,cross_method_pair,-1,0.0025669642857142857,389.5652173913044,0.9964119984785637,0.14285714285714285,0.269116846861646,200,10.0,20.0
c_nodr_x_drz__xa_yb,cross_method_pair,-1,0.0026785714285714286,373.3333333333333,0.9959255669810483,0.14285714285714285,0.26731663903915925,208,10.0,20.0
c_nodr_x_drz__xa_yb,cross_method_pair,-1,0.0027901785714285715,358.4,0.9961520856100669,0.14285714285714285,0.2668822084027434,210,10.0,20.0
c_nodr_x_drz__xa_yb,cross_method_pair,-1,0.0029017857142857144,344.6153846153846,0.9940676203535659,0.14285714285714285,0.26173150991010213,236,10.0,20.0
c_nodr_x_drz__xa_yb,cross_method_pair,-1,0.003013392857142857,331.8518518518519,0.9960857652872299,0.14285714285714285,0.2632250986856457,228,10.0,20.0
c_nodr_x_drz__xa_yb,cross_method_pair,-1,0.0031249999999999997,320.0,0.9939280731409802,0.14285714285714285,0.2613695641695868,238,10.0,20.0
c_nodr_x_drz__xa_yb,cross_method_pair,-1,0.0032366071428571426,308.96551724137936,0.9954422288518863,0.14285714285714285,0.2576597972433477,260,10.0,20.0
c_nodr_x_drz__xa_yb,cross_method_pair,-1,0.0033482142857142855,298.6666666666667,0.9920259017973763,0.14285714285714285,0.2586250244740691,254,10.0,20.0
c_nodr_x_drz__xa_yb,cross_method_pair,-1,0.0034598214285714284,289.03225806451616,0.9948496798252039,0.14285714285714285,0.25523709705862524,276,10.0,20.0
c_nodr_x_drz__xa_yb,cross_method_pair,-1,0.0035714285714285713,280.0,0.9933552789896531,0.14285714285714285,0.25582326430374547,272,10.0,20.0
c_nodr_x_drz__xa_yb,cross_method_pair,-1,0.003683035714285714,271.5151515151515,0.9887393121442045,0.14285714285714285,0.2527449491574839,294,10.0,20.0
c_nodr_x_drz__xa_yb,cross_method_pair,-1,0.003794642857142857,263.5294117647059,0.9875282622198045,0.14285714285714285,0.25410107451462977,284,10.0,20.0
c_nodr_x_drz__xa_yb,cross_method_pair,-1,0.00390625,256.0,0.9862345163320454,0.14285714285714285,0.2514544516681247,304,10.0,20.0
c_nodr_x_drz__xa_yb,cross_method_pair,-1,0.0040178571428571425,248.8888888888889,0.9901168125887723,0.14285714285714285,0.24928083583453234,322,10.0,20.0
c_nodr_x_drz__xa_yb,cross_method_pair,-1,0.004129464285714286,242.16216216216216,0.9887582569567687,0.14285714285714285,0.2514544516681247,304,10.0,20.0
c_nodr_x_drz__xa_yb,cross_method_pair,-1,0.004241071428571428,235.78947368421055,0.9875812469891835,0.14285714285714285,0.24905026945843273,324,10.0,20.0
c_nodr_x_drz__xa_yb,cross_method_pair,-1,0.004352678571428572,229.74358974358972,0.989402236288163,0.14285714285714285,0.24582376798178943,354,10.0,20.0
c_nodr_x_drz__xa_yb,cross_method_pair,-1,0.004464285714285714,224.0,0.9936261983173907,0.14285714285714285,0.24770924671322134,336,10.0,20.0
c_nodr_x_drz__xa_yb,cross_method_pair,-1,0.004575892857142857,218.53658536585365,0.9851572914105549,0.14285714285714285,0.24643640318775006,348,10.0,20.0
c_nodr_x_drz__xa_yb,cross_method_pair,-1,0.0046875,213.33333333333334,0.9803412381426477,0.14285714285714285,0.24426173259637654,370,10.0,20.0
c_nodr_x_drz__xa_yb,cross_method_pair,-1,0.004799107142857142,208.37209302325584,0.9855286291669907,0.14285714285714285,0.24407341871811294,372,10.0,20.0
c_nodr_x_drz__xa_yb,cross_method_pair,-1,0.004910714285714286,203.63636363636365,0.984987905410166,0.14285714285714285,0.24388657961491628,374,10.0,20.0
c_nodr_x_drz__xa_yb,cross_method_pair,-1,0.005022321428571428,199.11111111111114,0.9846234621496402,0.14285714285714285,0.24124866466885456,404,10.0,20.0
c_nodr_x_drz__xa_yb,cross_method_pair,-1,0.005133928571428571,194.7826086956522,0.9822417665184338,0.14285714285714285,0.24226832878047586,392,10.0,20.0
c_nodr_x_drz__xa_yb,cross_method_pair,-1,0.005245535714285714,190.63829787234044,0.9848473995373707,0.14285714285714285,0.2427954615022515,386,10.0,20.0
c_nodr_x_drz__xa_yb,cross_method_pair,-1,0.005357142857142857,186.66666666666666,0.9839209773307477,0.14285714285714285,0.23964416299559071,424,10.0,20.0
c_nodr_x_drz__xa_yb,cross_method_pair,-1,0.00546875,182.85714285714286,0.9857285269412375,0.14285714285714285,0.24027239659586974,416,10.0,20.0
c_nodr_x_drz__xa_yb,cross_method_pair,-1,0.005580357142857143,179.2,0.9872654434436764,0.14285714285714285,0.2388828626474958,434,10.0,20.0
c_nodr_x_drz__xa_yb,cross_method_pair,-1,0.0056919642857142854,175.68627450980392,0.9830706007895728,0.14285714285714285,0.2384383044776066,440,10.0,20.0
c_nodr_x_drz__xa_yb,cross_method_pair,-1,0.005803571428571429,172.3076923076923,0.9706592907917486,0.14285714285714285,0.23757528612232023,452,10.0,20.0
c_nodr_x_drz__xa_yb,cross_method_pair,-1,0.005915178571428571,169.05660377358492,0.9693552970434027,0.14285714285714285,0.23688135961430892,462,10.0,20.0
c_nodr_x_drz__xa_yb,cross_method_pair,-1,0.006026785714285714,165.92592592592595,0.9703382736202473,0.14285714285714285,0.23785919155913984,448,10.0,20.0
c_nodr_x_drz__xa_yb,cross_method_pair,-1,0.006138392857142857,162.9090909090909,0.9755906842002721,0.14285714285714285,0.23517586182327832,488,10.0,20.0
c_nodr_x_drz__xa_yb,cross_method_pair,-1,0.0062499999999999995,160.0,0.9713091458404244,0.14285714285714285,0.23607716377209612,474,10.0,20.0
c_nodr_x_drz__xa_yb,cross_method_pair,-1,0.006361607142857143,157.19298245614036,0.9736074541516323,0.14285714285714285,0.23568617177506457,480,10.0,20.0
c_nodr_x_drz__xa_yb,cross_method_pair,-1,0.006473214285714285,154.48275862068968,0.9820395484144792,0.14285714285714285,0.23359868826190747,514,10.0,20.0
c_nodr_x_drz__xa_yb,cross_method_pair,-1,0.006584821428571429,151.864406779661,0.9757554738488513,0.14285714285714285,0.23348222347930858,516,10.0,20.0
c_nodr_x_drz__xa_yb,cross_method_pair,-1,0.006696428571428571,149.33333333333334,0.9823497498251645,0.14285714285714285,0.23467767886949623,496,10.0,20.0
c_nodr_x_drz__xa_yb,cross_method_pair,-1,0.006808035714285714,146.88524590163934,0.9787935270833751,0.14285714285714285,0.23246304055541317,534,10.0,20.0
c_nodr_x_drz__xa_yb,cross_method_pair,-1,0.006919642857142857,144.51612903225808,0.9782915547278159,0.14285714285714285,0.23191835858106052,544,10.0,20.0
c_nodr_x_drz__xa_yb,cross_method_pair,-1,0.00703125,142.22222222222223,0.9755353044305911,0.14285714285714285,0.23348222347930858,516,10.0,20.0
c_nodr_x_drz__xa_yb,cross_method_pair,-1,0.007142857142857143,140.0,0.9712832151672223,0.14285714285714285,0.23118003674182988,558,10.0,20.0
c_nodr_x_drz__xa_yb,cross_method_pair,-1,0.007254464285714285,137.84615384615387,0.9662156748142229,0.14285714285714285,0.23066911942921098,568,10.0,20.0
c_nodr_x_drz__xa_yb,cross_method_pair,-1,0.007366071428571428,135.75757575757575,0.9613143942320389,0.14285714285714285,0.23257377696061368,532,10.0,20.0
c_nodr_x_drz__xa_yb,cross_method_pair,-1,0.007477678571428571,133.7313432835821,0.9644989179931764,0.14285714285714285,0.22865956785210217,610,10.0,20.0
c_nodr_x_drz__xa_yb,cross_method_pair,-1,0.007589285714285714,131.76470588235296,0.9706805419024793,0.14285714285714285,0.2300731936178756,580,10.0,20.0
c_nodr_x_drz__xa_yb,cross_method_pair,-1,0.007700892857142857,129.85507246376812,0.970050888583411,0.14285714285714285,0.22987856279938831,584,10.0,20.0
c_nodr_x_drz__xa_yb,cross_method_pair,-1,0.0078125,128.0,0.9750030487206713,0.14285714285714285,0.22847879956174852,614,10.0,20.0
c_nodr_x_drz__xa_yb,cross_method_pair,-1,0.007924107142857142,126.19718309859155,0.9850981327776341,0.14285714285714285,0.22856896654528058,612,10.0,20.0
c_nodr_x_drz__xa_yb,cross_method_pair,-1,0.008035714285714285,124.44444444444446,0.9848368053535977,0.14285714285714285,0.22794672665157004,626,10.0,20.0
c_nodr_x_drz__xa_yb,cross_method_pair,-1,0.008147321428571429,122.73972602739725,0.9763379469524273,0.14285714285714285,0.22856896654528058,612,10.0,20.0
c_nodr_x_drz__xa_yb,cross_method_pair,-1,0.008258928571428572,121.08108108108108,0.9587917751540925,0.14285714285714285,0.22751466188342373,636,10.0,20.0
c_nodr_x_drz__xa_yb,cross_method_pair,-1,0.008370535714285714,119.46666666666667,0.9525975788051084,0.14285714285714285,0.22709247611069447,646,10.0,20.0
c_nodr_x_drz__xa_yb,cross_method_pair,-1,0.008482142857142856,117.89473684210527,0.943492778906549,0.14285714285714285,0.2270091913293758,648,10.0,20.0
c_nodr_x_drz__xa_yb,cross_method_pair,-1,0.008593749999999999,116.36363636363637,0.9552254095138343,0.14285714285714285,0.22684375089361272,652,10.0,20.0
c_nodr_x_drz__xa_yb,cross_method_pair,-1,0.008705357142857143,114.87179487179486,0.9572076914257326,0.14285714285714285,0.22580365493397495,678,10.0,20.0
c_nodr_x_drz__xa_yb,cross_method_pair,-1,0.008816964285714286,113.41772151898735,0.9617187083058724,0.14285714285714285,0.22572608133433805,680,10.0,20.0
c_nodr_x_drz__xa_yb,cross_method_pair,-1,0.008928571428571428,112.0,0.9663787576587763,0.14285714285714285,0.22572608133433805,680,10.0,20.0
c_nodr_x_drz__xa_yb,cross_method_pair,-1,0.00904017857142857,110.61728395061729,0.966925262209643,0.14285714285714285,0.2247472633332211,706,10.0,20.0
c_nodr_x_drz__xa_yb,cross_method_pair,-1,0.009151785714285715,109.26829268292683,0.9725505917704634,0.14285714285714285,0.2252675931499613,692,10.0,20.0
c_nodr_x_drz__xa_yb,cross_method_pair,-1,0.009263392857142857,107.95180722891567,0.9709364025398948,0.14285714285714285,0.22511735629687746,696,10.0,20.0
c_nodr_x_drz__xa_yb,cross_method_pair,-1,0.009375,106.66666666666667,0.9568818309944354,0.14285714285714285,0.22347634762040358,742,10.0,20.0
c_nodr_x_drz__xa_yb,cross_method_pair,-1,0.009486607142857142,105.41176470588236,0.9450478613914931,0.14285714285714285,0.22467416992987052,708,10.0,20.0
c_nodr_x_drz__xa_yb,cross_method_pair,-1,0.009598214285714285,104.18604651162792,0.9264720600725134,0.14285714285714285,0.22280884262303868,762,10.0,20.0
c_nodr_x_drz__xa_yb,cross_method_pair,-1,0.009709821428571429,102.98850574712644,0.9327671655840286,0.14285714285714285,0.22368179007692848,736,10.0,20.0
c_nodr_x_drz__xa_yb,cross_method_pair,-1,0.009821428571428571,101.81818181818183,0.9273688909082146,0.14285714285714285,0.22287442635809016,760,10.0,20.0
c_nodr_x_drz__xa_yb,cross_method_pair,-1,0.009933035714285714,100.67415730337079,0.9302623423473472,0.14285714285714285,0.22229315058834048,778,10.0,20.0
c_nodr_x_drz__xa_yb,cross_method_pair,-1,0.010044642857142856,99.55555555555557,0.9451158888356719,0.14285714285714285,0.22261360373636063,768,10.0,20.0
c_nodr_x_drz__xa_yb,cross_method_pair,-1,0.01015625,98.46153846153845,0.9602694260354828,0.14285714285714285,0.22287442635809016,760,10.0,20.0
c_nodr_x_drz__xa_yb,cross_method_pair,-1,0.010267857142857143,97.3913043478261,0.9612036837182202,0.14285714285714285,0.22191652760781277,790,10.0,20.0
c_nodr_x_drz__xa_yb,cross_method_pair,-1,0.010379464285714285,96.34408602150538,0.9538913427446355,0.14285714285714285,0.2212474895498582,812,10.0,20.0
c_nodr_x_drz__xa_yb,cross_method_pair,-1,0.010491071428571428,95.31914893617022,0.9454538730828349,0.14285714285714285,0.2214876516950723,804,10.0,20.0
c_nodr_x_drz__xa_yb,cross_method_pair,-1,0.010602678571428572,94.3157894736842,0.9501455089324735,0.14285714285714285,0.22130720212890542,810,10.0,20.0
c_nodr_x_drz__xa_yb,cross_method_pair,-1,0.010714285714285714,93.33333333333333,0.9386785430618693,0.14285714285714285,0.2206620549790673,832,10.0,20.0
c_nodr_x_drz__xa_yb,cross_method_pair,-1,0.010825892857142857,92.37113402061856,0.9292614461750142,0.14285714285714285,0.2216090580540805,800,10.0,20.0
c_nodr_x_drz__xa_yb,cross_method_pair,-1,0.0109375,91.42857142857143,0.9193139589364129,0.14285714285714285,0.2198217694523472,862,10.0,20.0
c_nodr_x_drz__xa_yb,cross_method_pair,-1,0.011049107142857142,90.50505050505052,0.9164968114252062,0.14285714285714285,0.22020844574520457,848,10.0,20.0
c_nodr_x_drz__xa_yb,cross_method_pair,-1,0.011160714285714286,89.6,0.9140548579466151,0.14285714285714285,0.21928516426814687,882,10.0,20.0
c_nodr_x_drz__xa_yb,cross_method_pair,-1,0.011272321428571428,88.71287128712872,0.9195532452590344,0.14285714285714285,0.22077747178815657,828,10.0,20.0
c_nodr_x_drz__xa_yb,cross_method_pair,-1,0.011383928571428571,87.84313725490196,0.9526450951188274,0.14285714285714285,0.21955119748619267,872,10.0,20.0
c_nodr_x_drz__xa_yb,cross_method_pair,-1,0.011495535714285713,86.99029126213593,0.9604062901710423,0.14285714285714285,0.21856336410973248,910,10.0,20.0
c_nodr_x_drz__xa_yb,cross_method_pair,-1,0.011607142857142858,86.15384615384615,0.9612389736171773,0.14285714285714285,0.21965887440375706,868,10.0,20.0
c_nodr_x_drz__xa_yb,cross_method_pair,-1,0.01171875,85.33333333333333,0.9312666239902582,0.14285714285714285,0.21902354389357315,892,10.0,20.0
c_nodr_x_drz__xa_yb,cross_method_pair,-1,0.011830357142857142,84.52830188679246,0.9413447429510301,0.14285714285714285,0.2181654494608149,926,10.0,20.0
c_nodr_x_drz__xa_yb,cross_method_pair,-1,0.011941964285714285,83.73831775700936,0.9389271778796174,0.14285714285714285,0.21841294458748992,916,10.0,20.0
c_nodr_x_drz__xa_yb,cross_method_pair,-1,0.012053571428571427,82.96296296296298,0.9020445394830265,0.14285714285714285,0.21851306204381743,912,10.0,20.0
c_nodr_x_drz__xa_yb,cross_method_pair,-1,0.012165178571428572,82.20183486238533,0.900069319030586,0.14285714285714285,0.21758723335053728,950,10.0,20.0
c_nodr_x_drz__xa_yb,cross_method_pair,-1,0.012276785714285714,81.45454545454545,0.9025800764820793,0.14285714285714285,0.21744603829804665,956,10.0,20.0
c_nodr_x_drz__xa_yb,cross_method_pair,-1,0.012388392857142856,80.72072072072072,0.9328747859322593,0.14285714285714285,0.21861382957564643,908,10.0,20.0
c_nodr_x_drz__xa_yb,cross_method_pair,-1,0.012499999999999999,80.0,0.9354892368689707,0.14285714285714285,0.21675920204107632,986,10.0,20.0
c_nodr_x_drz__xa_yb,cross_method_pair,-1,0.012611607142857143,79.29203539823008,0.9233477303306038,0.14285714285714285,0.21725980028494588,964,10.0,20.0
c_nodr_x_drz__xa_yb,cross_method_pair,-1,0.012723214285714286,78.59649122807018,0.9300297724155333,0.14285714285714285,0.21721359693608783,966,10.0,20.0
c_nodr_x_drz__xa_yb,cross_method_pair,-1,0.012834821428571428,77.91304347826087,0.9159563743237453,0.14285714285714285,0.21644914346158642,1000,10.0,20.0
c_nodr_x_drz__xa_yb,cross_method_pair,-1,0.01294642857142857,77.24137931034484,0.9117587698765087,0.14285714285714285,0.21653707458648785,996,10.0,20.0
c_nodr_x_drz__xa_yb,cross_method_pair,-1,0.013058035714285715,76.58119658119658,0.9155943536677232,0.14285714285714285,0.21649304397049488,998,10.0,20.0
c_nodr_x_drz__xa_yb,cross_method_pair,-1,0.013169642857142857,75.9322033898305,0.8775731873186688,0.14285714285714285,0.21610254718236965,1016,10.0,20.0
c_nodr_x_drz__xa_yb,cross_method_pair,-1,0.01328125,75.29411764705883,0.8700734128565571,0.14285714285714285,0.21618843703925994,1012,10.0,20.0
c_nodr_x_drz__xa_yb,cross_method_pair,-1,0.013392857142857142,74.66666666666667,0.9143794036914353,0.14285714285714285,0.21605978929178232,1018,10.0,20.0
c_nodr_x_drz__xa_yb,cross_method_pair,-1,0.013504464285714285,74.04958677685951,0.8953879400623136,0.14285714285714285,0.21551499634696136,1044,10.0,20.0
c_nodr_x_drz__xa_yb,cross_method_pair,-1,0.013616071428571429,73.44262295081967,0.8870906201699108,0.14285714285714285,0.21568047213382657,1036,10.0,20.0
c_nodr_x_drz__xa_yb,cross_method_pair,-1,0.013727678571428571,72.84552845528455,0.8533898887350746,0.14285714285714285,0.21498988471428435,1070,10.0,20.0
c_nodr_x_drz__xa_yb,cross_method_pair,-1,0.013839285714285714,72.25806451612904,0.8893987692081012,0.14285714285714285,0.21543295911437524,1048,10.0,20.0
c_nodr_x_drz__xa_yb,cross_method_pair,-1,0.013950892857142856,71.68,0.919246013069145,0.14285714285714285,0.2148713755575323,1076,10.0,20.0
c_nodr_x_drz__xa_yb,cross_method_pair,-1,0.0140625,71.11111111111111,0.9383576670660969,0.14285714285714285,0.21475383879638116,1082,10.0,20.0
c_nodr_x_drz__xa_yb,cross_method_pair,-1,0.014174107142857143,70.55118110236221,0.9159966630401775,0.14285714285714285,0.21471487366377726,1084,10.0,20.0
c_nodr_x_drz__xa_yb,cross_method_pair,-1,0.014285714285714285,70.0,0.888166484872831,0.14285714285714285,0.21459861283869502,1090,10.0,20.0
c_nodr_x_drz__xa_yb,cross_method_pair,-1,0.014397321428571428,69.45736434108528,0.8566581875784025,0.14285714285714285,0.21425543086377571,1108,10.0,20.0
c_nodr_x_drz__xa_yb,cross_method_pair,-1,0.01450892857142857,68.92307692307693,0.8669757229630574,0.14285714285714285,0.21456006915830092,1092,10.0,20.0
c_nodr_x_drz__xa_yb,cross_method_pair,-1,0.014620535714285714,68.3969465648855,0.8288292182411372,0.14285714285714285,0.21355728664025345,1146,10.0,20.0
c_nodr_x_drz__xa_yb,cross_method_pair,-1,0.014732142857142857,67.87878787878788,0.8425204593825304,0.14285714285714285,0.21366522853675965,1140,10.0,20.0
c_nodr_x_drz__xa_yb,cross_method_pair,-1,0.01484375,67.36842105263158,0.8590013090454834,0.14285714285714285,0.2143309783773013,1104,10.0,20.0
c_nodr_x_drz__xa_yb,cross_method_pair,-1,0.014955357142857142,66.86567164179105,0.8703362874159806,0.14285714285714285,0.21279046829950965,1190,10.0,20.0
c_nodr_x_drz__xa_yb,cross_method_pair,-1,0.015066964285714286,66.37037037037037,0.9074354535514603,0.14285714285714285,0.21373765748018866,1136,10.0,20.0
c_nodr_x_drz__xa_yb,cross_method_pair,-1,0.015178571428571428,65.88235294117648,0.8736112729472824,0.14285714285714285,0.21352149146774207,1148,10.0,20.0
c_nodr_x_drz__xa_yb,cross_method_pair,-1,0.015290178571428571,65.4014598540146,0.8461544847519616,0.14285714285714285,0.21285843635360488,1186,10.0,20.0
c_nodr_x_drz__xa_yb,cross_method_pair,-1,0.015401785714285713,64.92753623188406,0.8471561888505064,0.14285714285714285,0.21282441002983377,1188,10.0,20.0
c_nodr_x_drz__xa_yb,cross_method_pair,-1,0.015513392857142856,64.46043165467627,0.8591784911356908,0.14285714285714285,0.21337922749072738,1156,10.0,20.0
c_nodr_x_drz__xa_yb,cross_method_pair,-1,0.015625,64.0,0.7909985473711653,0.14285714285714285,0.212000361835817,1238,10.0,20.0
c_nodr_x_drz__xa_yb,cross_method_pair,-1,0.015736607142857142,63.54609929078014,0.8262981706487437,0.14285714285714285,0.2124887421904062,1208,10.0,20.0
c_nodr_x_drz__xa_yb,cross_method_pair,-1,0.015848214285714285,63.098591549295776,0.8376639012299367,0.14285714285714285,0.2127228372174348,1194,10.0,20.0
c_nodr_x_drz__xa_yb,cross_method_pair,-1,0.015959821428571427,62.65734265734266,0.881077671913149,0.14285714285714285,0.2120323741059451,1236,10.0,20.0
c_nodr_x_drz__xa_yb,cross_method_pair,-1,0.01607142857142857,62.22222222222223,0.8785473688019124,0.14285714285714285,0.2120323741059451,1236,10.0,20.0
c_nodr_x_drz__xa_yb,cross_method_pair,-1,0.016183035714285712,61.79310344827587,0.8070107972314702,0.14285714285714285,0.21187307369980893,1246,10.0,20.0
c_nodr_x_drz__xa_yb,cross_method_pair,-1,0.016294642857142858,61.36986301369863,0.8515136796494341,0.14285714285714285,0.21216119331021152,1228,10.0,20.0
c_nodr_x_drz__xa_yb,cross_method_pair,-1,0.01640625,60.95238095238095,0.8427172485900036,0.14285714285714285,0.21159104545450594,1264,10.0,20.0
c_nodr_x_drz__xa_yb,cross_method_pair,-1,0.016517857142857143,60.54054054054054,0.8210905753631101,0.14285714285714285,0.21149835269259598,1270,10.0,20.0
c_nodr_x_drz__xa_yb,cross_method_pair,-1,0.016629464285714286,60.13422818791946,0.8022942346994677,0.14285714285714285,0.21177839816474361,1252,10.0,20.0
c_nodr_x_drz__xa_yb,cross_method_pair,-1,0.016741071428571428,59.733333333333334,0.8242845299359841,0.14285714285714285,0.21134529561252643,1280,10.0,20.0
c_nodr_x_drz__xa_yb,cross_method_pair,-1,0.01685267857142857,59.337748344370866,0.7853155672950964,0.14285714285714285,0.21054834880675766,1334,10.0,20.0
c_nodr_x_drz__xa_yb,cross_method_pair,-1,0.016964285714285713,58.94736842105264,0.8225239395760804,0.14285714285714285,0.21159104545450594,1264,10.0,20.0
c_nodr_x_drz__xa_yb,cross_method_pair,-1,0.017075892857142855,58.56209150326798,0.8748951288702249,0.14285714285714285,0.21080861501660042,1316,10.0,20.0
c_nodr_x_drz__xa_yb,cross_method_pair,-1,0.017187499999999998,58.18181818181819,0.8835941790428569,0.14285714285714285,0.2104912166657718,1338,10.0,20.0
c_nodr_x_drz__xa_yb,cross_method_pair,-1,0.017299107142857144,57.806451612903224,0.8118183456496895,0.14285714285714285,0.2112241179090306,1288,10.0,20.0
c_nodr_x_drz__xa_yb,cross_method_pair,-1,0.017410714285714286,57.43589743589743,0.7540725710751383,0.14285714285714285,0.21009825045931166,1366,10.0,20.0
c_nodr_x_drz__xa_yb,cross_method_pair,-1,0.01752232142857143,57.07006369426752,0.8273853736869837,0.14285714285714285,0.21034948559464076,1348,10.0,20.0
c_nodr_x_drz__xa_yb,cross_method_pair,-1,0.01763392857142857,56.708860759493675,0.7865954360272441,0.14285714285714285,0.21046274528313325,1340,10.0,20.0
c_nodr_x_drz__xa_yb,cross_method_pair,-1,0.017745535714285714,56.35220125786164,0.7530179805322857,0.14285714285714285,0.2102651915533084,1354,10.0,20.0
c_nodr_x_drz__xa_yb,cross_method_pair,-1,0.017857142857142856,56.0,0.7413682333761338,0.14285714285714285,0.20979775932161346,1388,10.0,20.0
c_nodr_x_drz__xa_yb,cross_method_pair,-1,0.01796875,55.652173913043484,0.7247267484037558,0.14285714285714285,0.21001559151209073,1372,10.0,20.0
c_nodr_x_drz__xa_yb,cross_method_pair,-1,0.01808035714285714,55.308641975308646,0.7205187230051872,0.14285714285714285,0.20993346585157174,1378,10.0,20.0
c_nodr_x_drz__xa_yb,cross_method_pair,-1,0.018191964285714284,54.96932515337424,0.7409648880438684,0.14285714285714285,0.20969023176701643,1396,10.0,20.0
c_nodr_x_drz__xa_yb,cross_method_pair,-1,0.01830357142857143,54.63414634146341,0.7987853891182117,0.14285714285714285,0.20974388120426476,1392,10.0,20.0
c_nodr_x_drz__xa_yb,cross_method_pair,-1,0.018415178571428572,54.303030303030305,0.8270542043770889,0.14285714285714285,0.20924322011539456,1430,10.0,20.0
c_nodr_x_drz__xa_yb,cross_method_pair,-1,0.018526785714285714,53.975903614457835,0.7432085587593262,0.14285714285714285,0.20937304795788578,1420,10.0,20.0
c_nodr_x_drz__xa_yb,cross_method_pair,-1,0.018638392857142857,53.65269461077845,0.743822299389427,0.14285714285714285,0.20958361247909307,1404,10.0,20.0
c_nodr_x_drz__xa_yb,cross_method_pair,-1,0.01875,53.333333333333336,0.7790736389372298,0.14285714285714285,0.20908918974285123,1442,10.0,20.0
c_nodr_x_drz__xa_yb,cross_method_pair,-1,0.018861607142857142,53.01775147928994,0.694677380078327,0.14285714285714285,0.2091147294392002,1440,10.0,20.0
c_nodr_x_drz__xa_yb,cross_method_pair,-1,0.018973214285714284,52.70588235294118,0.775666846629149,0.14285714285714285,0.20878674915614567,1466,10.0,20.0
c_nodr_x_drz__xa_yb,cross_method_pair,-1,0.019084821428571427,52.397660818713454,0.6473767661352106,0.14285714285714285,0.20896227354363328,1452,10.0,20.0
c_nodr_x_drz__xa_yb,cross_method_pair,-1,0.01919642857142857,52.09302325581396,0.6805258177530953,0.14285714285714285,0.20861368932701757,1480,10.0,20.0
c_nodr_x_drz__xa_yb,cross_method_pair,-1,0.019308035714285715,51.79190751445086,0.6749522505307011,0.14285714285714285,0.20849155226945118,1490,10.0,20.0
c_nodr_x_drz__xa_yb,cross_method_pair,-1,0.019419642857142858,51.49425287356322,0.7083150833687829,0.14285714285714285,0.20886166870324252,1460,10.0,20.0
c_nodr_x_drz__xa_yb,cross_method_pair,-1,0.01953125,51.2,0.762978201246622,0.14285714285714285,0.20832258514572422,1504,10.0,20.0
c_nodr_x_drz__xa_yb,cross_method_pair,-1,0.019642857142857142,50.909090909090914,0.6283215776416141,0.14285714285714285,0.20820331375489703,1514,10.0,20.0
c_nodr_x_drz__xa_yb,cross_method_pair,-1,0.019754464285714285,50.621468926553675,0.6612268298989377,0.14285714285714285,0.2080852033992908,1524,10.0,20.0
c_nodr_x_drz__xa_yb,cross_method_pair,-1,0.019866071428571427,50.337078651685395,0.6596325424923897,0.14285714285714285,0.20822707454226386,1512,10.0,20.0
c_nodr_x_drz__xa_yb,cross_method_pair,-1,0.01997767857142857,50.05586592178771,0.6831103477706174,0.14285714285714285,0.2076466470245122,1562,10.0,20.0
c_nodr_x_drz__xa_yb,cross_method_pair,-1,0.020089285714285712,49.777777777777786,0.7191797305166135,0.14285714285714285,0.20817959940754727,1516,10.0,20.0
c_nodr_x_drz__xa_yb,cross_method_pair,-1,0.020200892857142858,49.50276243093922,0.7682322187655896,0.14285714285714285,0.20817959940754727,1516,10.0,20.0
c_nodr_x_drz__xa_yb,cross_method_pair,-1,0.0203125,49.230769230769226,0.6940657898641256,0.14285714285714285,0.2071581805789342,1606,10.0,20.0
c_nodr_x_drz__xa_yb,cross_method_pair,-1,0.020424107142857143,48.96174863387978,0.7570242946073173,0.14285714285714285,0.2078523911652866,1544,10.0,20.0
c_nodr_x_drz__xa_yb,cross_method_pair,-1,0.020535714285714286,48.69565217391305,0.7241526779930538,0.14285714285714285,0.20751142498562736,1574,10.0,20.0
c_nodr_x_drz__xa_yb,cross_method_pair,-1,0.020647321428571428,48.432432432432435,0.7857572045589247,0.14285714285714285,0.207311430402214,1592,10.0,20.0
c_nodr_x_drz__xa_yb,cross_method_pair,-1,0.02075892857142857,48.17204301075269,0.8465366255642818,0.14285714285714285,0.20766933369874285,1560,10.0,20.0
c_nodr_x_drz__xa_yb,cross_method_pair,-1,0.020870535714285713,47.9144385026738,0.7784826218219488,0.14285714285714285,0.2072455083727941,1598,10.0,20.0
c_nodr_x_drz__xa_yb,cross_method_pair,-1,0.020982142857142855,47.65957446808511,0.6147459186852041,0.14285714285714285,0.20679410702631273,1640,10.0,20.0
c_nodr_x_drz__xa_yb,cross_method_pair,-1,0.021093749999999998,47.40740740740741,0.6125591577617832,0.14285714285714285,0.2070931065498322,1612,10.0,20.0
c_nodr_x_drz__xa_yb,cross_method_pair,-1,0.021205357142857144,47.1578947368421,0.6354771137527694,0.14285714285714285,0.20733348626347292,1590,10.0,20.0
c_nodr_x_drz__xa_yb,cross_method_pair,-1,0.021316964285714286,46.910994764397905,0.5980765513797682,0.14285714285714285,0.2068363565335541,1636,10.0,20.0
c_nodr_x_drz__xa_yb,cross_method_pair,-1,0.02142857142857143,46.666666666666664,0.6467244878787456,0.14285714285714285,0.20646152179686691,1672,10.0,20.0
c_nodr_x_drz__xa_yb,cross_method_pair,-1,0.02154017857142857,46.424870466321245,0.6404661149576327,0.14285714285714285,0.20677303948480721,1642,10.0,20.0
c_nodr_x_drz__xa_yb,cross_method_pair,-1,0.021651785714285714,46.18556701030928,0.7191548310399877,0.14285714285714285,0.20654377883697478,1664,10.0,20.0
c_nodr_x_drz__xa_yb,cross_method_pair,-1,0.021763392857142856,45.94871794871795,0.6666140748085119,0.14285714285714285,0.2069213164900138,1628,10.0,20.0
c_nodr_x_drz__xa_yb,cross_method_pair,-1,0.021875,45.714285714285715,0.718042726393117,0.14285714285714285,0.20615817865004304,1702,10.0,20.0
c_nodr_x_drz__xa_yb,cross_method_pair,-1,0.02198660714285714,45.48223350253807,0.8338905576362611,0.14285714285714285,0.2063798459329584,1680,10.0,20.0
c_nodr_x_drz__xa_yb,cross_method_pair,-1,0.022098214285714284,45.25252525252526,0.789108812142032,0.14285714285714285,0.20607862228912602,1710,10.0,20.0
c_nodr_x_drz__xa_yb,cross_method_pair,-1,0.02220982142857143,45.0251256281407,0.7481825975543338,0.14285714285714285,0.2060193161196826,1716,10.0,20.0
c_nodr_x_drz__xa_yb,cross_method_pair,-1,0.022321428571428572,44.8,0.743716098811469,0.14285714285714285,0.2064206116472992,1676,10.0,20.0
c_nodr_x_drz__xa_yb,cross_method_pair,-1,0.022433035714285714,44.5771144278607,0.6577167830488938,0.14285714285714285,0.20568896146044316,1750,10.0,20.0
c_nodr_x_drz__xa_yb,cross_method_pair,-1,0.022544642857142857,44.35643564356436,0.7137086557337781,0.14285714285714285,0.20586265784981742,1732,10.0,20.0
c_nodr_x_drz__xa_yb,cross_method_pair,-1,0.02265625,44.13793103448276,0.815577063205279,0.14285714285714285,0.20625840693654623,1692,10.0,20.0
c_nodr_x_drz__xa_yb,cross_method_pair,-1,0.022767857142857142,43.92156862745098,0.7607531930052625,0.14285714285714285,0.20561261066388095,1758,10.0,20.0
c_nodr_x_drz__xa_yb,cross_method_pair,-1,0.022879464285714284,43.707317073170735,0.7094622480622547,0.14285714285714285,0.20563165001517575,1756,10.0,20.0
c_nodr_x_drz__xa_yb,cross_method_pair,-1,0.022991071428571427,43.49514563106796,0.6133461259083284,0.14285714285714285,0.2059799491398533,1720,10.0,20.0
c_nodr_x_drz__xa_yb,cross_method_pair,-1,0.02310267857142857,43.28502415458938,0.7728647561688833,0.14285714285714285,0.2050559530372921,1818,10.0,20.0
c_nodr_x_drz__xa_yb,cross_method_pair,-1,0.023214285714285715,43.07692307692307,0.7308754652058504,0.14285714285714285,0.20529377749698421,1792,10.0,20.0
c_nodr_x_drz__xa_yb,cross_method_pair,-1,0.023325892857142858,42.87081339712918,0.6591752095933837,0.14285714285714285,0.20578513067261447,1740,10.0,20.0
c_nodr_x_drz__xa_yb,cross_method_pair,-1,0.0234375,42.666666666666664,0.5851653362686385,0.14285714285714285,0.2049478815407546,1830,10.0,20.0
c_nodr_x_drz__xa_yb,cross_method_pair,-1,0.023549107142857142,42.464454976303315,0.6228383125790521,0.14285714285714285,0.2053308201973659,1788,10.0,20.0
c_nodr_x_drz__xa_yb,cross_method_pair,-1,0.023660714285714285,42.26415094339623,0.7169569625579874,0.14285714285714285,0.2051650873580342,1806,10.0,20.0
c_nodr_x_drz__xa_yb,cross_method_pair,-1,0.023772321428571427,42.06572769953052,0.6860424863175315,0.14285714285714285,0.20500178551890139,1824,10.0,20.0
c_nodr_x_drz__xa_yb,cross_method_pair,-1,0.02388392857142857,41.86915887850468,0.6226973662800144,0.14285714285714285,0.2050378677827802,1820,10.0,20.0
c_nodr_x_drz__xa_yb,cross_method_pair,-1,0.023995535714285712,41.674418604651166,0.6445810221373992,0.14285714285714285,0.20473485868990474,1854,10.0,20.0
c_nodr_x_drz__xa_yb,cross_method_pair,-1,0.024107142857142855,41.48148148148149,0.7203268851096386,0.14285714285714285,0.20489423896779435,1836,10.0,20.0
c_nodr_x_drz__xa_yb,cross_method_pair,-1,0.02421875,41.29032258064516,0.6801526751388771,0.14285714285714285,0.20482311852246032,1844,10.0,20.0
c_nodr_x_drz__xa_yb,cross_method_pair,-1,0.024330357142857143,41.10091743119266,0.5871305949562781,0.14285714285714285,0.20428703415014268,1906,10.0,20.0
c_nodr_x_drz__xa_yb,cross_method_pair,-1,0.024441964285714286,40.91324200913242,0.6288051807313243,0.14285714285714285,0.20485862143419345,1840,10.0,20.0
c_nodr_x_drz__xa_yb,cross_method_pair,-1,0.024553571428571428,40.72727272727273,0.6891048848497937,0.14285714285714285,0.20443997892001115,1888,10.0,20.0
c_nodr_x_drz__xa_yb,cross_method_pair,-1,0.02466517857142857,40.542986425339365,0.6423690158314211,0.14285714285714285,0.20432083629059994,1902,10.0,20.0
c_nodr_x_drz__xa_yb,cross_method_pair,-1,0.024776785714285713,40.36036036036036,0.6214825460406009,0.14285714285714285,0.20478772961770136,1848,10.0,20.0
c_nodr_x_drz__xa_yb,cross_method_pair,-1,0.024888392857142855,40.17937219730942,0.6578765430165365,0.14285714285714285,0.20406985646203774,1932,10.0,20.0
c_nodr_x_drz__xa_yb,cross_method_pair,-1,0.024999999999999998,40.0,0.6250554934282183,0.14285714285714285,0.20405333008241125,1934,10.0,20.0
c_nodr_x_drz__xa_yb,cross_method_pair,-1,0.02511160714285714,39.82222222222222,0.7339962010761817,0.14285714285714285,0.20443997892001115,1888,10.0,20.0
c_nodr_x_drz__xa_yb,cross_method_pair,-1,0.025223214285714286,39.64601769911504,0.5875672136179414,0.14285714285714285,0.20395470143415717,1946,10.0,20.0
c_nodr_x_drz__xa_yb,cross_method_pair,-1,0.02533482142857143,39.47136563876652,0.5425432797362676,0.14285714285714285,0.20380843789404254,1964,10.0,20.0
c_nodr_x_drz__xa_yb,cross_method_pair,-1,0.02544642857142857,39.29824561403509,0.46336611009137324,0.14285714285714285,0.20397107681264137,1944,10.0,20.0
c_nodr_x_drz__xa_yb,cross_method_pair,-1,0.025558035714285714,39.12663755458515,0.5717400058649821,0.14285714285714285,0.2038245910506852,1962,10.0,20.0
c_nodr_x_drz__xa_yb,cross_method_pair,-1,0.025669642857142856,38.95652173913044,0.696862364739483,0.14285714285714285,0.20368008519926165,1980,10.0,20.0
c_nodr_x_drz__xa_yb,cross_method_pair,-1,0.02578125,38.78787878787879,0.6165252982284078,0.14285714285714285,0.20406985646203774,1932,10.0,20.0
c_nodr_x_drz__xa_yb,cross_method_pair,-1,0.02589285714285714,38.62068965517242,0.5738248092855052,0.14285714285714285,0.20360064332422378,1990,10.0,20.0
c_nodr_x_drz__xa_yb,cross_method_pair,-1,0.026004464285714284,38.4549356223176,0.6271449932621378,0.14285714285714285,0.20345912978831718,2008,10.0,20.0
c_nodr_x_drz__xa_yb,cross_method_pair,-1,0.02611607142857143,38.29059829059829,0.7499279088308455,0.14285714285714285,0.20380843789404254,1964,10.0,20.0
c_nodr_x_drz__xa_yb,cross_method_pair,-1,0.026227678571428572,38.12765957446808,0.6518663094684963,0.14285714285714285,0.20335035825347117,2022,10.0,20.0
c_nodr_x_drz__xa_yb,cross_method_pair,-1,0.026339285714285714,37.96610169491525,0.6745097890613979,0.14285714285714285,0.20333491064606968,2024,10.0,20.0
c_nodr_x_drz__xa_yb,cross_method_pair,-1,0.026450892857142857,37.80590717299578,0.7236065608726876,0.14285714285714285,0.20333491064606968,2024,10.0,20.0
c_nodr_x_drz__xa_yb,cross_method_pair,-1,0.0265625,37.64705882352941,0.6510278413139654,0.14285714285714285,0.20338132157581876,2018,10.0,20.0
c_nodr_x_drz__xa_yb,cross_method_pair,-1,0.026674107142857142,37.48953974895397,0.6311316129060441,0.14285714285714285,0.2030306380195964,2064,10.0,20.0
c_nodr_x_drz__xa_yb,cross_method_pair,-1,0.026785714285714284,37.333333333333336,0.6003526510659639,0.14285714285714285,0.2030156542404139,2066,10.0,20.0
c_nodr_x_drz__xa_yb,cross_method_pair,-1,0.026897321428571427,37.178423236514526,0.56641645971585,0.14285714285714285,0.20352179142430754,2000,10.0,20.0
c_nodr_x_drz__xa_yb,cross_method_pair,-1,0.02700892857142857,37.02479338842976,0.5567512226903892,0.14285714285714285,0.20276417883135758,2100,10.0,20.0
c_nodr_x_drz__xa_yb,cross_method_pair,-1,0.027120535714285715,36.87242798353909,0.6327010987227847,0.14285714285714285,0.20280811620931277,2094,10.0,20.0
c_nodr_x_drz__xa_yb,cross_method_pair,-1,0.027232142857142858,36.721311475409834,0.6685163168689835,0.14285714285714285,0.20294105689975392,2076,10.0,20.0
c_nodr_x_drz__xa_yb,cross_method_pair,-1,0.02734375,36.57142857142857,0.6186848523954717,0.14285714285714285,0.20285224078709876,2088,10.0,20.0
c_nodr_x_drz__xa_yb,cross_method_pair,-1,0.027455357142857142,36.422764227642276,0.696151765587359,0.14285714285714285,0.20251867322781997,2134,10.0,20.0
c_nodr_x_drz__xa_yb,cross_method_pair,-1,0.027566964285714285,36.2753036437247,0.8216048501039588,0.14285714285714285,0.20276417883135758,2100,10.0,20.0
c_nodr_x_drz__xa_yb,cross_method_pair,-1,0.027678571428571427,36.12903225806452,0.7367451406075268,0.14285714285714285,0.20282280353622323,2092,10.0,20.0
c_nodr_x_drz__xa_yb,cross_method_pair,-1,0.02779017857142857,35.98393574297189,0.5898110119468557,0.14285714285714285,0.2024051399747265,2150,10.0,20.0
c_nodr_x_drz__xa_yb,cross_method_pair,-1,0.027901785714285712,35.84,0.5344694223040124,0.14285714285714285,0.2023910364655755,2152,10.0,20.0
c_nodr_x_drz__xa_yb,cross_method_pair,-1,0.028013392857142855,35.69721115537849,0.5691604328853116,0.14285714285714285,0.20294105689975392,2076,10.0,20.0
c_nodr_x_drz__xa_yb,cross_method_pair,-1,0.028125,35.55555555555556,0.6175937977679772,0.14285714285714285,0.20199031257847036,2210,10.0,20.0
c_nodr_x_drz__xa_yb,cross_method_pair,-1,0.028236607142857143,35.41501976284585,0.5841830405515083,0.14285714285714285,0.20256157441371295,2128,10.0,20.0
c_nodr_x_drz__xa_yb,cross_method_pair,-1,0.028348214285714286,35.275590551181104,0.6186005046684001,0.14285714285714285,0.20220944357269727,2178,10.0,20.0
c_nodr_x_drz__xa_yb,cross_method_pair,-1,0.028459821428571428,35.13725490196079,0.6421589253468307,0.14285714285714285,0.2020038700244288,2208,10.0,20.0
c_nodr_x_drz__xa_yb,cross_method_pair,-1,0.02857142857142857,35.0,0.7120101816528184,0.14285714285714285,0.20227890442236768,2168,10.0,20.0
c_nodr_x_drz__xa_yb,cross_method_pair,-1,0.028683035714285713,34.86381322957199,0.7154518261465622,0.14285714285714285,0.20209928513740544,2194,10.0,20.0
c_nodr_x_drz__xa_yb,cross_method_pair,-1,0.028794642857142855,34.72868217054264,0.6566922993677204,0.14285714285714285,0.20219560817884408,2180,10.0,20.0
c_nodr_x_drz__xa_yb,cross_method_pair,-1,0.028906249999999998,34.5945945945946,0.6124029894072579,0.14285714285714285,0.2018157070765534,2236,10.0,20.0
c_nodr_x_drz__xa_yb,cross_method_pair,-1,0.02901785714285714,34.46153846153847,0.5431810354071711,0.14285714285714285,0.20212671273157043,2190,10.0,20.0
c_nodr_x_drz__xa_yb,cross_method_pair,-1,0.029129464285714286,34.32950191570881,0.4978840813579865,0.14285714285714285,0.20165718663427828,2260,10.0,20.0
c_nodr_x_drz__xa_yb,cross_method_pair,-1,0.02924107142857143,34.19847328244275,0.4291377603229206,0.14285714285714285,0.20197677333037697,2212,10.0,20.0
c_nodr_x_drz__xa_yb,cross_method_pair,-1,0.02935267857142857,34.06844106463878,0.42856965381819573,0.14285714285714285,0.20148825195988218,2286,10.0,20.0
c_nodr_x_drz__xa_yb,cross_method_pair,-1,0.029464285714285714,33.93939393939394,0.36209444074969466,0.14285714285714285,0.20176258739613345,2244,10.0,20.0
c_nodr_x_drz__xa_yb,cross_method_pair,-1,0.029575892857142856,33.81132075471698,0.4088536241521824,0.14285714285714285,0.20165718663427828,2260,10.0,20.0
c_nodr_x_drz__xa_yb,cross_method_pair,-1,0.0296875,33.68421052631579,0.4481603084354819,0.14285714285714285,0.20130948318858632,2314,10.0,20.0
c_nodr_x_drz__xa_yb,cross_method_pair,-1,0.02979910714285714,33.55805243445693,0.5578170982326585,0.14285714285714285,0.20178911203700534,2240,10.0,20.0
c_nodr_x_drz__xa_yb,cross_method_pair,-1,0.029910714285714284,33.43283582089553,0.554215307181905,0.14285714285714285,0.20133482448864679,2310,10.0,20.0
c_nodr_x_drz__xa_yb,cross_method_pair,-1,0.030022321428571426,33.30855018587361,0.5833369736704365,0.14285714285714285,0.20150114550038942,2284,10.0,20.0
c_nodr_x_drz__xa_yb,cross_method_pair,-1,0.030133928571428572,33.18518518518518,0.46009567121527084,0.14285714285714285,0.20163100936456846,2264,10.0,20.0
c_nodr_x_drz__xa_yb,cross_method_pair,-1,0.030245535714285714,33.06273062730627,0.497531150101869,0.14285714285714285,0.20093700504233267,2374,10.0,20.0
c_nodr_x_drz__xa_yb,cross_method_pair,-1,0.030357142857142857,32.94117647058824,0.4638929045770559,0.14285714285714285,0.20127159292996374,2320,10.0,20.0
c_nodr_x_drz__xa_yb,cross_method_pair,-1,0.03046875,32.820512820512825,0.4875650653120012,0.14285714285714285,0.2014240345538633,2296,10.0,20.0
c_nodr_x_drz__xa_yb,cross_method_pair,-1,0.030580357142857142,32.7007299270073,0.4331411415977584,0.14285714285714285,0.20091267051918305,2378,10.0,20.0
c_nodr_x_drz__xa_yb,cross_method_pair,-1,0.030691964285714284,32.581818181818186,0.4072480301416876,0.14285714285714285,0.20117125958839946,2336,10.0,20.0
c_nodr_x_drz__xa_yb,cross_method_pair,-1,0.030803571428571427,32.46376811594203,0.3739449660690387,0.14285714285714285,0.20117125958839946,2336,10.0,20.0
c_nodr_x_drz__xa_yb,cross_method_pair,-1,0.03091517857142857,32.34657039711192,0.4490467966682183,0.14285714285714285,0.20079190337726316,2398,10.0,20.0
c_nodr_x_drz__xa_yb,cross_method_pair,-1,0.03102678571428571,32.230215827338135,0.4777061235241647,0.14285714285714285,0.2008520992222212,2388,10.0,20.0
c_nodr_x_drz__xa_yb,cross_method_pair,-1,0.031138392857142858,32.11469534050179,0.5655408535340961,0.14285714285714285,0.20129683691159364,2316,10.0,20.0
c_nodr_x_drz__xa_yb,cross_method_pair,-1,0.03125,32.0,0.5081044354813233,0.14285714285714285,0.20060175498092978,2430,10.0,20.0
c_nodr_x_drz__xa_yb,cross_method_pair,-1,0.03136160714285714,31.88612099644128,0.4432298582654779,0.14285714285714285,0.2005899942187709,2432,10.0,20.0
c_nodr_x_drz__xa_yb,cross_method_pair,-1,0.031473214285714285,31.77304964539007,0.4835128060797211,0.14285714285714285,0.20091267051918305,2378,10.0,20.0
c_nodr_x_drz__xa_yb,cross_method_pair,-1,0.03158482142857143,31.66077738515901,0.4804684205747125,0.14285714285714285,0.2005899942187709,2432,10.0,20.0
c_nodr_x_drz__xa_yb,cross_method_pair,-1,0.03169642857142857,31.549295774647888,0.37662418359917826,0.14285714285714285,0.20073207911367105,2408,10.0,20.0
c_nodr_x_drz__xa_yb,cross_method_pair,-1,0.03180803571428571,31.438596491228072,0.3867514674987633,0.14285714285714285,0.20043839988598003,2458,10.0,20.0
c_nodr_x_drz__xa_yb,cross_method_pair,-1,0.031919642857142855,31.32867132867133,0.45452504637272667,0.14285714285714285,0.20063712367957884,2424,10.0,20.0
c_nodr_x_drz__xa_yb,cross_method_pair,-1,0.03203125,31.219512195121954,0.6121696750522538,0.14285714285714285,0.2004037543659979,2464,10.0,20.0
c_nodr_x_drz__xa_yb,cross_method_pair,-1,0.03214285714285714,31.111111111111114,0.5769664111362,0.14285714285714285,0.2003233998560821,2478,10.0,20.0
c_nodr_x_drz__xa_yb,cross_method_pair,-1,0.03225446428571428,31.00346020761246,0.4670308335369542,0.14285714285714285,0.20075596447473562,2404,10.0,20.0
c_nodr_x_drz__xa_yb,cross_method_pair,-1,0.032366071428571425,30.896551724137936,0.4908178220905695,0.14285714285714285,0.2001759442030165,2504,10.0,20.0
c_nodr_x_drz__xa_yb,cross_method_pair,-1,0.03247767857142857,30.790378006872857,0.4330918729183826,0.14285714285714285,0.20011983450492699,2514,10.0,20.0
c_nodr_x_drz__xa_yb,cross_method_pair,-1,0.032589285714285716,30.684931506849313,0.3892656312284848,0.14285714285714285,0.20038072687575237,2468,10.0,20.0
c_nodr_x_drz__xa_yb,cross_method_pair,-1,0.03270089285714286,30.580204778156993,0.4317826064883615,0.14285714285714285,0.20022107212707113,2496,10.0,20.0
c_nodr_x_drz__xa_yb,cross_method_pair,-1,0.0328125,30.476190476190474,0.3028146617745147,0.14285714285714285,0.1999424885446575,2546,10.0,20.0
c_nodr_x_drz__xa_yb,cross_method_pair,-1,0.032924107142857144,30.372881355932204,0.36610170212679866,0.14285714285714285,0.2003577547434476,2472,10.0,20.0
c_nodr_x_drz__xa_yb,cross_method_pair,-1,0.033035714285714286,30.27027027027027,0.38436800444099445,0.14285714285714285,0.19992055302869258,2550,10.0,20.0
c_nodr_x_drz__xa_yb,cross_method_pair,-1,0.03314732142857143,30.16835016835017,0.32869865521221336,0.14285714285714285,0.19982247206699402,2568,10.0,20.0
c_nodr_x_drz__xa_yb,cross_method_pair,-1,0.03325892857142857,30.06711409395973,0.27660517113003985,0.14285714285714285,0.20022107212707113,2496,10.0,20.0
c_nodr_x_drz__xa_yb,cross_method_pair,-1,0.033370535714285714,29.96655518394649,0.20609269701962765,0.14285714285714285,0.19981163721274517,2570,10.0,20.0
c_nodr_x_drz__xa_yb,cross_method_pair,-1,0.033482142857142856,29.866666666666667,0.37300612325104543,0.14285714285714285,0.19969327465375333,2592,10.0,20.0
c_nodr_x_drz__xa_yb,cross_method_pair,-1,0.03359375,29.767441860465116,0.41903097660452765,0.14285714285714285,0.19999755197612662,2536,10.0,20.0
c_nodr_x_drz__xa_yb,cross_method_pair,-1,0.03370535714285714,29.668874172185433,0.330791633041637,0.14285714285714285,0.19968258842376282,2594,10.0,20.0
c_nodr_x_drz__xa_yb,cross_method_pair,-1,0.033816964285714284,29.570957095709574,0.4045201163148074,0.14285714285714285,0.1997576502130963,2580,10.0,20.0
c_nodr_x_drz__xa_yb,cross_method_pair,-1,0.033928571428571426,29.47368421052632,0.4836651090473458,0.14285714285714285,0.19962934028121115,2604,10.0,20.0
c_nodr_x_drz__xa_yb,cross_method_pair,-1,0.03404017857142857,29.377049180327873,0.3970654325102659,0.14285714285714285,0.19970397313874927,2590,10.0,20.0
c_nodr_x_drz__xa_yb,cross_method_pair,-1,0.03415178571428571,29.28104575163399,0.34470112271800385,0.14285714285714285,0.1995447720660188,2620,10.0,20.0
c_nodr_x_drz__xa_yb,cross_method_pair,-1,0.03426339285714285,29.185667752443,0.29154728388089324,0.14285714285714285,0.1995869599845832,2612,10.0,20.0
c_nodr_x_drz__xa_yb,cross_method_pair,-1,0.034374999999999996,29.090909090909093,0.2984092592688236,0.14285714285714285,0.19953425497473404,2622,10.0,20.0
c_nodr_x_drz__xa_yb,cross_method_pair,-1,0.034486607142857145,28.996763754045304,0.31907070202993987,0.14285714285714285,0.19923435045727056,2680,10.0,20.0
c_nodr_x_drz__xa_yb,cross_method_pair,-1,0.03459821428571429,28.903225806451612,0.33283497894340114,0.14285714285714285,0.19940897247414457,2646,10.0,20.0
c_nodr_x_drz__xa_yb,cross_method_pair,-1,0.03470982142857143,28.810289389067524,0.4777847750419755,0.14285714285714285,0.19948184772087152,2632,10.0,20.0
c_nodr_x_drz__xa_yb,cross_method_pair,-1,0.03482142857142857,28.717948717948715,0.3895384366913024,0.14285714285714285,0.19925472300409489,2676,10.0,20.0
c_nodr_x_drz__xa_yb,cross_method_pair,-1,0.034933035714285715,28.62619808306709,0.23051115656721266,0.14285714285714285,0.199163400800433,2694,10.0,20.0
c_nodr_x_drz__xa_yb,cross_method_pair,-1,0.03504464285714286,28.53503184713376,0.2535554267569897,0.14285714285714285,0.19929560413957997,2668,10.0,20.0
c_nodr_x_drz__xa_yb,cross_method_pair,-1,0.03515625,28.444444444444443,0.2987829796724083,0.14285714285714285,0.19923435045727056,2680,10.0,20.0
c_nodr_x_drz__xa_yb,cross_method_pair,-1,0.03526785714285714,28.354430379746837,0.24097447976833838,0.14285714285714285,0.199163400800433,2694,10.0,20.0
c_nodr_x_drz__xa_yb,cross_method_pair,-1,0.035379464285714285,28.26498422712934,0.20283682218286803,0.14285714285714285,0.19903307957272984,2720,10.0,20.0
c_nodr_x_drz__xa_yb,cross_method_pair,-1,0.03549107142857143,28.17610062893082,0.27901474834274287,0.14285714285714285,0.19923435045727056,2680,10.0,20.0
c_nodr_x_drz__xa_yb,cross_method_pair,-1,0.03560267857142857,28.087774294670847,0.38528384505605534,0.14285714285714285,0.1987296503731864,2782,10.0,20.0
c_nodr_x_drz__xa_yb,cross_method_pair,-1,0.03571428571428571,28.0,0.2579594919994221,0.14285714285714285,0.19919374056785832,2688,10.0,20.0
c_nodr_x_drz__xa_yb,cross_method_pair,-1,0.035825892857142855,27.912772585669785,0.29783702718823557,0.14285714285714285,0.19897355378849282,2732,10.0,20.0
c_nodr_x_drz__xa_yb,cross_method_pair,-1,0.0359375,27.826086956521742,0.4012147828666439,0.14285714285714285,0.19863390479962775,2802,10.0,20.0
c_nodr_x_drz__xa_yb,cross_method_pair,-1,0.03604910714285714,27.73993808049536,0.2869980536287064,0.14285714285714285,0.19893408530849774,2740,10.0,20.0
c_nodr_x_drz__xa_yb,cross_method_pair,-1,0.03616071428571428,27.654320987654323,0.2820618928878003,0.14285714285714285,0.1989636705837003,2734,10.0,20.0
c_nodr_x_drz__xa_yb,cross_method_pair,-1,0.036272321428571425,27.56923076923077,0.24244986527185602,0.14285714285714285,0.1987779076146052,2772,10.0,20.0
c_nodr_x_drz__xa_yb,cross_method_pair,-1,0.03638392857142857,27.48466257668712,0.28501770707041757,0.14285714285714285,0.1985674850051077,2816,10.0,20.0
c_nodr_x_drz__xa_yb,cross_method_pair,-1,0.036495535714285716,27.400611620795104,0.23466400079829036,0.14285714285714285,0.19880698630805718,2766,10.0,20.0
c_nodr_x_drz__xa_yb,cross_method_pair,-1,0.03660714285714286,27.317073170731707,0.23275224239856682,0.14285714285714285,0.19847344616835114,2836,10.0,20.0
c_nodr_x_drz__xa_yb,cross_method_pair,-1,0.03671875,27.23404255319149,0.29619949441100474,0.14285714285714285,0.1985674850051077,2816,10.0,20.0
c_nodr_x_drz__xa_yb,cross_method_pair,-1,0.036830357142857144,27.151515151515152,0.3820313973974078,0.14285714285714285,0.1987296503731864,2782,10.0,20.0
c_nodr_x_drz__xa_yb,cross_method_pair,-1,0.036941964285714286,27.069486404833835,0.19509327451133374,0.14285714285714285,0.1983434350217766,2864,10.0,20.0
c_nodr_x_drz__xa_yb,cross_method_pair,-1,0.03705357142857143,26.987951807228917,0.21950633203167347,0.14285714285714285,0.19852975072299847,2824,10.0,20.0
c_nodr_x_drz__xa_yb,cross_method_pair,-1,0.03716517857142857,26.906906906906908,0.27345490752661,0.14285714285714285,0.19837113512849097,2858,10.0,20.0
c_nodr_x_drz__xa_yb,cross_method_pair,-1,0.037276785714285714,26.826347305389223,0.19104225670913477,0.14285714285714285,0.19847344616835114,2836,10.0,20.0
c_nodr_x_drz__xa_yb,cross_method_pair,-1,0.037388392857142856,26.746268656716417,0.2440904996774213,0.14285714285714285,0.1984547565946868,2840,10.0,20.0
c_nodr_x_drz__xa_yb,cross_method_pair,-1,0.0375,26.666666666666668,0.1480217929916794,0.14285714285714285,0.19818808118118406,2898,10.0,20.0
c_nodr_x_drz__xa_yb,cross_method_pair,-1,0.03761160714285714,26.587537091988132,0.14493350776363875,0.14285714285714285,0.19843610609789097,2844,10.0,20.0
c_nodr_x_drz__xa_yb,cross_method_pair,-1,0.037723214285714284,26.50887573964497,0.12761144068203223,0.14285714285714285,0.19795564920134207,2950,10.0,20.0
c_nodr_x_drz__xa_yb,cross_method_pair,-1,0.037834821428571426,26.4306784660767,0.1964324286193042,0.14285714285714285,0.19830663541185475,2872,10.0,20.0
c_nodr_x_drz__xa_yb,cross_method_pair,-1,0.03794642857142857,26.35294117647059,0.2680092854866744,0.14285714285714285,0.1982882926807455,2876,10.0,20.0
c_nodr_x_drz__xa_yb,cross_method_pair,-1,0.03805803571428571,26.275659824046922,0.23116463537689522,0.14285714285714285,0.19802651424106882,2934,10.0,20.0
c_nodr_x_drz__xa_yb,cross_method_pair,-1,0.03816964285714285,26.198830409356727,0.1395830545213094,0.14285714285714285,0.1981069271457448,2916,10.0,20.0
c_nodr_x_drz__xa_yb,cross_method_pair,-1,0.038281249999999996,26.12244897959184,0.14298505629538724,0.14285714285714285,0.1982152991985056,2892,10.0,20.0
c_nodr_x_drz__xa_yb,cross_method_pair,-1,0.03839285714285714,26.04651162790698,0.10044451060884817,0.14285714285714285,0.19793802214251247,2954,10.0,20.0
c_nodr_x_drz__xa_yb,cross_method_pair,-1,0.03850446428571429,25.97101449275362,0.13612438154373313,0.14285714285714285,0.19782430484837527,2980,10.0,20.0
c_nodr_x_drz__xa_yb,cross_method_pair,-1,0.03861607142857143,25.89595375722543,0.28265345484646304,0.14285714285714285,0.19825172071105046,2884,10.0,20.0
c_nodr_x_drz__xa_yb,cross_method_pair,-1,0.03872767857142857,25.821325648414984,0.14014214345156686,0.14285714285714285,0.1978156184587228,2982,10.0,20.0
c_nodr_x_drz__xa_yb,cross_method_pair,-1,0.038839285714285715,25.74712643678161,0.08664496772912315,0.14285714285714285,0.19760123472388125,3032,10.0,20.0
c_nodr_x_drz__xa_yb,cross_method_pair,-1,0.03895089285714286,25.673352435530084,0.12326950419924541,0.14285714285714285,0.1981609467848357,2904,10.0,20.0
c_nodr_x_drz__xa_yb,cross_method_pair,-1,0.0390625,25.6,0.21002200998892853,0.14285714285714285,0.1975253385684874,3050,10.0,20.0
c_nodr_x_drz__xa_yb,cross_method_pair,-1,0.03917410714285714,25.527065527065528,0.16879369217947637,0.14285714285714285,0.19784170365088652,2976,10.0,20.0
c_nodr_x_drz__xa_yb,cross_method_pair,-1,0.039285714285714285,25.454545454545457,0.05060000209065251,0.14285714285714285,0.1976097089758139,3030,10.0,20.0
c_nodr_x_drz__xa_yb,cross_method_pair,-1,0.03939732142857143,25.38243626062323,0.11449807094388417,0.14285714285714285,0.1977550552720954,2996,10.0,20.0
c_nodr_x_drz__xa_yb,cross_method_pair,-1,0.03950892857142857,25.310734463276837,0.07203051652073836,0.14285714285714285,0.19765220529146557,3020,10.0,20.0
c_nodr_x_drz__xa_yb,cross_method_pair,-1,0.03962053571428571,25.23943661971831,0.04794239139014937,0.14285714285714285,0.1975085631250675,3054,10.0,20.0
c_nodr_x_drz__xa_yb,cross_method_pair,-1,0.039732142857142855,25.168539325842698,0.11981497843174609,0.14285714285714285,0.19770347780800562,3008,10.0,20.0
c_nodr_x_drz__xa_yb,cross_method_pair,-1,0.03984375,25.098039215686278,0.1960464438755357,0.14285714285714285,0.19743347590385044,3072,10.0,20.0
c_nodr_x_drz__xa_yb,cross_method_pair,-1,0.03995535714285714,25.027932960893857,0.10830822651070904,0.14285714285714285,0.19739204277139769,3082,10.0,20.0
c_nodr_x_drz__xa_yb,cross_method_pair,-1,0.04006696428571428,24.95821727019499,0.17046909350961476,0.14285714285714285,0.1976692624332035,3016,10.0,20.0
c_nodr_x_drz__xa_yb,cross_method_pair,-1,0.040178571428571425,24.888888888888893,0.0663952088779132,0.14285714285714285,0.19731796447605393,3100,10.0,20.0
c_nodr_x_drz__xa_yb,cross_method_pair,-1,0.04029017857142857,24.81994459833795,0.23219399804908164,0.14285714285714285,0.1974251732503782,3074,10.0,20.0
c_nodr_x_drz__xa_yb,cross_method_pair,-1,0.040401785714285716,24.75138121546961,0.2168929328980138,0.14285714285714285,0.19745010534200189,3068,10.0,20.0
c_nodr_x_drz__xa_yb,cross_method_pair,-1,0.04051339285714286,24.683195592286502,0.11737365005080606,0.14285714285714285,0.19736727869292328,3088,10.0,20.0
c_nodr_x_drz__xa_yb,cross_method_pair,-1,0.040625,24.615384615384613,0.031058415713503974,0.14285714285714285,0.1970358524551192,3170,10.0,20.0
c_nodr_x_drz__xa_yb,cross_method_pair,-1,0.040736607142857144,24.54794520547945,0.035512205002834044,0.14285714285714285,0.197483461108339,3060,10.0,20.0
c_nodr_x_drz__xa_yb,cross_method_pair,-1,0.040848214285714286,24.48087431693989,0.053744026469860456,0.14285714285714285,0.19717976864090656,3134,10.0,20.0
c_nodr_x_drz__xa_yb,cross_method_pair,-1,0.04095982142857143,24.4141689373297,0.04328258240190223,0.14285714285714285,0.19701210252814472,3176,10.0,20.0
c_nodr_x_drz__xa_yb,cross_method_pair,-1,0.04107142857142857,24.347826086956523,0.057022073471302115,0.14285714285714285,0.19738378012086183,3084,10.0,20.0
c_nodr_x_drz__xa_yb,cross_method_pair,-1,0.041183035714285714,24.281842818428185,0.11924248913362154,0.14285714285714285,0.19695694455425367,3190,10.0,20.0
c_nodr_x_drz__xa_yb,cross_method_pair,-1,0.041294642857142856,24.216216216216218,0.08300663597296698,0.14285714285714285,0.1970755845534379,3160,10.0,20.0
c_nodr_x_drz__xa_yb,cross_method_pair,-1,0.04140625,24.150943396226417,0.07203105358170026,0.14285714285714285,0.1970755845534379,3160,10.0,20.0
c_nodr_x_drz__xa_yb,cross_method_pair,-1,0.04151785714285714,24.086021505376344,0.20218955837264502,0.14285714285714285,0.19706762319057258,3162,10.0,20.0
c_nodr_x_drz__xa_yb,cross_method_pair,-1,0.041629464285714284,24.021447721179626,0.20161018988335813,0.14285714285714285,0.19698053952908048,3184,10.0,20.0
c_nodr_x_drz__xa_yb,cross_method_pair,-1,0.041741071428571426,23.9572192513369,0.1721617031558822,0.14285714285714285,0.19696480220931625,3188,10.0,20.0
c_nodr_x_drz__xa_yb,cross_method_pair,-1,0.04185267857142857,23.893333333333334,0.12976143613857016,0.14285714285714285,0.19690995197425074,3202,10.0,20.0
c_nodr_x_drz__xa_yb,cross_method_pair,-1,0.04196428571428571,23.829787234042556,0.04197998312444794,0.14285714285714285,0.1966864592271897,3260,10.0,20.0
c_nodr_x_drz__xa_yb,cross_method_pair,-1,0.04207589285714285,23.766578249336874,0.055464015809450075,0.14285714285714285,0.19691776587158633,3200,10.0,20.0
c_nodr_x_drz__xa_yb,cross_method_pair,-1,0.042187499999999996,23.703703703703706,0.05578474050975755,0.14285714285714285,0.19692558703358493,3198,10.0,20.0
c_nodr_x_drz__xa_yb,cross_method_pair,-1,0.04229910714285714,23.641160949868077,0.11045860547399489,0.14285714285714285,0.19662584390434415,3276,10.0,20.0
c_nodr_x_drz__xa_yb,cross_method_pair,-1,0.04241071428571429,23.57894736842105,0.0842250613954622,0.14285714285714285,0.1967398616607217,3246,10.0,20.0
c_nodr_x_drz__xa_yb,cross_method_pair,-1,0.04252232142857143,23.517060367454068,0.059328153508769875,0.14285714285714285,0.1969334154715303,3196,10.0,20.0
c_nodr_x_drz__xa_yb,cross_method_pair,-1,0.04263392857142857,23.455497382198953,0.037572446914293546,0.14285714285714285,0.19662584390434415,3276,10.0,20.0
c_nodr_x_drz__xa_yb,cross_method_pair,-1,0.042745535714285715,23.39425587467363,0.15880313537123358,0.14285714285714285,0.19658818240465054,3286,10.0,20.0
c_nodr_x_drz__xa_yb,cross_method_pair,-1,0.04285714285714286,23.333333333333332,0.08591467752651576,0.14285714285714285,0.19656566720869945,3292,10.0,20.0
c_nodr_x_drz__xa_yb,cross_method_pair,-1,0.04296875,23.272727272727273,0.006152316299833914,0.14285714285714285,0.19674751854137398,3244,10.0,20.0
c_nodr_x_drz__xa_yb,cross_method_pair,-1,0.04308035714285714,23.212435233160623,-0.00019872925326484494,0.14285714285714285,0.19627841680223054,3370,10.0,20.0
c_nodr_x_drz__xa_yb,cross_method_pair,-1,0.043191964285714285,23.152454780361758,0.10515846579769442,0.14285714285714285,0.19665609640424975,3268,10.0,20.0
c_nodr_x_drz__xa_yb,cross_method_pair,-1,0.04330357142857143,23.09278350515464,0.09428199838513718,0.14285714285714285,0.1965506909503124,3296,10.0,20.0
c_nodr_x_drz__xa_yb,cross_method_pair,-1,0.04341517857142857,23.033419023136247,0.05211294938815746,0.14285714285714285,0.19635112163071453,3350,10.0,20.0
c_nodr_x_drz__xa_yb,cross_method_pair,-1,0.04352678571428571,22.974358974358974,0.021898400260499905,0.14285714285714285,0.19649105513285683,3312,10.0,20.0
c_nodr_x_drz__xa_yb,cross_method_pair,-1,0.043638392857142855,22.915601023017903,0.06990877018450875,0.14285714285714285,0.1965506909503124,3296,10.0,20.0
c_nodr_x_drz__xa_yb,cross_method_pair,-1,0.04375,22.857142857142858,0.09887472649819608,0.14285714285714285,0.19620635084804425,3390,10.0,20.0
c_nodr_x_drz__xa_yb,cross_method_pair,-1,0.04386160714285714,22.798982188295167,0.07923717163220356,0.14285714285714285,0.19627118161272125,3372,10.0,20.0
c_nodr_x_drz__xa_yb,cross_method_pair,-1,0.04397321428571428,22.741116751269036,0.07490142595047024,0.14285714285714285,0.19639505513636507,3338,10.0,20.0
c_nodr_x_drz__xa_yb,cross_method_pair,-1,0.044084821428571425,22.683544303797472,0.005982703184213276,0.14285714285714285,0.19614203002159336,3408,10.0,20.0
c_nodr_x_drz__xa_yb,cross_method_pair,-1,0.04419642857142857,22.62626262626263,0.04002410177098867,0.14285714285714285,0.19628565838032241,3368,10.0,20.0
c_nodr_x_drz__xa_yb,cross_method_pair,-1,0.04430803571428571,22.569269521410583,0.03429215572225726,0.14285714285714285,0.19630742154042707,3362,10.0,20.0
c_nodr_x_drz__xa_yb,cross_method_pair,-1,0.04441964285714286,22.51256281407035,-0.011900074925328904,0.14285714285714285,0.19604297333067175,3436,10.0,20.0
c_nodr_x_drz__xa_yb,cross_method_pair,-1,0.04453125,22.45614035087719,0.08909277159750675,0.14285714285714285,0.19624230455271754,3380,10.0,20.0
c_nodr_x_drz__xa_yb,cross_method_pair,-1,0.044642857142857144,22.4,0.0786663697849574,0.14285714285714285,0.19616341405099993,3402,10.0,20.0
c_nodr_x_drz__xa_yb,cross_method_pair,-1,0.044754464285714286,22.34413965087282,0.07791263391380616,0.14285714285714285,0.19608527866196232,3424,10.0,20.0
c_nodr_x_drz__xa_yb,cross_method_pair,-1,0.04486607142857143,22.28855721393035,0.0233732211268317,0.14285714285714285,0.19608527866196232,3424,10.0,20.0
c_nodr_x_drz__xa_yb,cross_method_pair,-1,0.04497767857142857,22.233250620347395,0.028683255624750992,0.14285714285714285,0.19586903899227384,3486,10.0,20.0
c_nodr_x_drz__xa_yb,cross_method_pair,-1,0.045089285714285714,22.17821782178218,0.03318627180324683,0.14285714285714285,0.19609942947499998,3420,10.0,20.0
c_nodr_x_drz__xa_yb,cross_method_pair,-1,0.045200892857142856,22.123456790123456,0.07350709567921054,0.14285714285714285,0.19598690683769954,3452,10.0,20.0
c_nodr_x_drz__xa_yb,cross_method_pair,-1,0.0453125,22.06896551724138,0.07572497099211195,0.14285714285714285,0.19578686266146458,3510,10.0,20.0
c_nodr_x_drz__xa_yb,cross_method_pair,-1,0.04542410714285714,22.014742014742016,0.05525017574262485,0.14285714285714285,0.195959018311031,3460,10.0,20.0
c_nodr_x_drz__xa_yb,cross_method_pair,-1,0.045535714285714284,21.96078431372549,-0.018698727263792774,0.14285714285714285,0.1959242922263356,3470,10.0,20.0
c_nodr_x_drz__xa_yb,cross_method_pair,-1,0.045647321428571426,21.90709046454768,0.11235050335247498,0.14285714285714285,0.1959312255268662,3468,10.0,20.0
c_nodr_x_drz__xa_yb,cross_method_pair,-1,0.04575892857142857,21.853658536585368,0.09329650829113269,0.14285714285714285,0.19578005236369755,3512,10.0,20.0
c_nodr_x_drz__xa_yb,cross_method_pair,-1,0.04587053571428571,21.800486618004868,0.048708833002343084,0.14285714285714285,0.1957460872064342,3522,10.0,20.0
c_nodr_x_drz__xa_yb,cross_method_pair,-1,0.04598214285714285,21.74757281553398,0.07761343558138328,0.14285714285714285,0.19567186631260183,3544,10.0,20.0
c_nodr_x_drz__xa_yb,cross_method_pair,-1,0.046093749999999996,21.69491525423729,0.04099068673428804,0.14285714285714285,0.19601489165878555,3444,10.0,20.0
c_nodr_x_drz__xa_yb,cross_method_pair,-1,0.04620535714285714,21.64251207729469,-0.00279536435205758,0.14285714285714285,0.19554526746979894,3582,10.0,20.0
c_nodr_x_drz__xa_yb,cross_method_pair,-1,0.04631696428571429,21.59036144578313,0.021979186661988233,0.14285714285714285,0.19557838863500912,3572,10.0,20.0
c_nodr_x_drz__xa_yb,cross_method_pair,-1,0.04642857142857143,21.538461538461537,0.04719243250721075,0.14285714285714285,0.19587592500046092,3484,10.0,20.0
c_nodr_x_drz__xa_yb,cross_method_pair,-1,0.04654017857142857,21.48681055155875,0.03614255263914215,0.14285714285714285,0.19536229896004664,3638,10.0,20.0
c_nodr_x_drz__xa_yb,cross_method_pair,-1,0.046651785714285715,21.43540669856459,0.019663092283855252,0.14285714285714285,0.19572577688551,3528,10.0,20.0
c_nodr_x_drz__xa_yb,cross_method_pair,-1,0.04676339285714286,21.384248210023866,0.043452508962914985,0.14285714285714285,0.19565844520659162,3548,10.0,20.0
c_nodr_x_drz__xa_yb,cross_method_pair,-1,0.046875,21.333333333333332,0.04339546292328522,0.14285714285714285,0.19540115234939126,3626,10.0,20.0
c_nodr_x_drz__xa_yb,cross_method_pair,-1,0.04698660714285714,21.282660332541568,0.05051678214123339,0.14285714285714285,0.19544672377293545,3612,10.0,20.0
c_nodr_x_drz__xa_yb,cross_method_pair,-1,0.047098214285714285,21.232227488151658,0.08493812316805326,0.14285714285714285,0.1954663349047849,3606,10.0,20.0
c_nodr_x_drz__xa_yb,cross_method_pair,-1,0.04720982142857143,21.182033096926716,0.07882635443417225,0.14285714285714285,0.1955651236363731,3576,10.0,20.0
c_nodr_x_drz__xa_yb,cross_method_pair,-1,0.04732142857142857,21.132075471698116,0.054902610816175215,0.14285714285714285,0.19534294368347277,3644,10.0,20.0
c_nodr_x_drz__xa_yb,cross_method_pair,-1,0.04743303571428571,21.08235294117647,0.03908642604460413,0.14285714285714285,0.19537522888070752,3634,10.0,20.0
c_nodr_x_drz__xa_yb,cross_method_pair,-1,0.047544642857142855,21.03286384976526,0.019804366557890352,0.14285714285714285,0.19549912822785603,3596,10.0,20.0
c_nodr_x_drz__xa_yb,cross_method_pair,-1,0.04765625,20.98360655737705,0.02775616357812441,0.14285714285714285,0.19527876700452393,3664,10.0,20.0
c_nodr_x_drz__xa_yb,cross_method_pair,-1,0.04776785714285714,20.93457943925234,0.033216055775960276,0.14285714285714285,0.19536229896004664,3638,10.0,20.0
c_nodr_x_drz__xa_yb,cross_method_pair,-1,0.04787946428571428,20.88578088578089,0.013505925021602748,0.14285714285714285,0.1952532420597071,3672,10.0,20.0
c_nodr_x_drz__xa_yb,cross_method_pair,-1,0.047991071428571425,20.837209302325583,0.0139128709732597,0.14285714285714285,0.19534294368347277,3644,10.0,20.0
c_nodr_x_drz__xa_yb,cross_method_pair,-1,0.04810267857142857,20.788863109048727,0.021136122737324344,0.14285714285714285,0.1950209946989822,3746,10.0,20.0
c_nodr_x_drz__xa_yb,cross_method_pair,-1,0.04821428571428571,20.740740740740744,0.023496365732462325,0.14285714285714285,0.19530437499553316,3656,10.0,20.0
c_nodr_x_drz__xa_yb,cross_method_pair,-1,0.04832589285714286,20.69284064665127,0.028617421757787028,0.14285714285714285,0.19526599417946083,3668,10.0,20.0
c_nodr_x_drz__xa_yb,cross_method_pair,-1,0.0484375,20.64516129032258,0.06197636314385563,0.14285714285714285,0.19493488938335007,3774,10.0,20.0
c_nodr_x_drz__xa_yb,cross_method_pair,-1,0.048549107142857144,20.597701149425287,0.010453490184192246,0.14285714285714285,0.19539466351065476,3628,10.0,20.0
c_nodr_x_drz__xa_yb,cross_method_pair,-1,0.048660714285714286,20.55045871559633,0.011064442885936568,0.14285714285714285,0.19489827749225433,3786,10.0,20.0
c_nodr_x_drz__xa_yb,cross_method_pair,-1,0.04877232142857143,20.503432494279178,0.04758239952498528,0.14285714285714285,0.19506440733704855,3732,10.0,20.0
c_nodr_x_drz__xa_yb,cross_method_pair,-1,0.04888392857142857,20.45662100456621,0.04971708080154357,0.14285714285714285,0.19518979008893414,3692,10.0,20.0
c_nodr_x_drz__xa_yb,cross_method_pair,-1,0.048995535714285714,20.41002277904328,0.05033069110328875,0.14285714285714285,0.19491046224945754,3782,10.0,20.0
c_nodr_x_drz__xa_yb,cross_method_pair,-1,0.049107142857142856,20.363636363636363,0.027110954577586818,0.14285714285714285,0.19500246310468877,3752,10.0,20.0
c_nodr_x_drz__xa_yb,cross_method_pair,-1,0.04921875,20.317460317460316,0.013546420723791336,0.14285714285714285,0.19499013318559666,3756,10.0,20.0
c_nodr_x_drz__xa_yb,cross_method_pair,-1,0.04933035714285714,20.271493212669682,0.017934801186699195,0.14285714285714285,0.1948739653457362,3794,10.0,20.0
c_nodr_x_drz__xa_yb,cross_method_pair,-1,0.049441964285714284,20.225733634311513,0.01373012314665369,0.14285714285714285,0.19488003622703962,3792,10.0,20.0
c_nodr_x_drz__xa_yb,cross_method_pair,-1,0.049553571428571426,20.18018018018018,0.018339396196463503,0.14285714285714285,0.19489219229404334,3788,10.0,20.0
c_nodr_x_drz__xa_yb,cross_method_pair,-1,0.04966517857142857,20.134831460674157,0.003272299666918767,0.14285714285714285,0.1950209946989822,3746,10.0,20.0
c_nodr_x_drz__xa_yb,cross_method_pair,-1,0.04977678571428571,20.08968609865471,0.011007045714772052,0.14285714285714285,0.19475951592150462,3832,10.0,20.0
c_nodr_x_drz__xa_yb,cross_method_pair,-1,0.04988839285714285,20.04474272930649,-0.008406207611987168,0.14285714285714285,0.19485578123579675,3800,10.0,20.0
c_nodr_x_drz__xa_yb,cross_method_pair,-1,0.049999999999999996,20.0,-0.5639188496306938,0.14285714285714285,0.8417399583909729,2,10.0,20.0
