frame_index,file,split,refine_mode,candidate_label,sigma_x_lr_px,sigma_y_lr_px,angle_deg,initial_dx_px,initial_dy_px,delta_dx_px,delta_dy_px,refined_dx_px,refined_dy_px,band_mse,band_rms,full_mse,full_rms
1,12_0_0.txt,train,bounded,sx0.100_sy0.100_a0.0,0.1,0.1,0.0,1.0323735475540161,-2.054717540740967,1.1920928955078125e-07,-0.5,1.0323736667633057,-2.554717540740967,0.010733034386256547,0.10360035900640763,564.6214791307015,23.761765067660725
2,14_0_0.txt,train,bounded,sx0.100_sy0.100_a0.0,0.1,0.1,0.0,0.9413192868232727,-2.0919480323791504,1.7881393432617188e-07,-0.5,0.941319465637207,-2.5919480323791504,0.010858011274539465,0.10420178153246452,564.1293614179784,23.75140756708912
3,16_0_0.txt,train,bounded,sx0.100_sy0.100_a0.0,0.1,0.1,0.0,1.106810450553894,-2.146850824356079,-0.1999998688697815,-0.5,0.9068105816841125,-2.646850824356079,0.010947893815048156,0.10463218345732901,563.028411216076,23.72821972285481
4,18_0_0.txt,train,bounded,sx0.100_sy0.100_a0.0,0.1,0.1,0.0,1.009308099746704,-2.185732841491699,-0.1999998688697815,-0.5,0.8093082308769226,-2.685732841491699,0.011010009356835966,0.10492859170329108,562.402577724588,23.715028520425356
6,24_0_0.txt,train,bounded,sx0.100_sy0.100_a0.0,0.1,0.1,0.0,1.0154112577438354,-2.885392189025879,-0.4999999403953552,2.384185791015625e-07,0.5154113173484802,-2.8853919506073,0.011026433702514745,0.10500682693289397,560.3033833286711,23.67072840722632
7,28_0_0.txt,train,bounded,sx0.100_sy0.100_a0.0,0.1,0.1,0.0,0.8671016693115234,-3.006274700164795,-0.4999999403953552,2.384185791015625e-07,0.3671017289161682,-3.006274461746216,0.011067029202964868,0.10519994868328059,559.4419947700446,23.65252618157402
8,32_0_0.txt,train,bounded,sx0.100_sy0.100_a0.0,0.1,0.1,0.0,0.1517016887664795,-2.8981990814208984,1.7881393432617188e-07,-0.19999980926513672,0.15170186758041382,-3.098198890686035,0.011159336422183693,0.10563776039931788,558.1474602548216,23.62514466103481
9,36_0_0.txt,train,bounded,sx0.100_sy0.100_a0.0,0.1,0.1,0.0,-0.007783790118992329,-3.0222785472869873,1.7881393432617188e-07,-0.19999980926513672,-0.0077836113050580025,-3.222278356552124,0.011159981259446465,0.10564081247059048,557.5125881699884,23.61170447405245
11,0_2_0.txt,train,bounded,sx0.100_sy0.100_a0.0,0.1,0.1,0.0,1.8673499822616577,-1.9710469245910645,-0.49999988079071045,2.384185791015625e-07,1.3673501014709473,-1.9710466861724854,0.011535940008771041,0.10740549338265265,550.3782845225695,23.460142465947847
12,2_2_0.txt,train,bounded,sx0.100_sy0.100_a0.0,0.1,0.1,0.0,1.0375491380691528,-2.031935214996338,0.20000016689300537,2.384185791015625e-07,1.2375493049621582,-2.031934976577759,0.01159770566076835,0.10769264441348049,548.1181981036165,23.41192427169575
13,4_2_0.txt,train,bounded,sx0.100_sy0.100_a0.0,0.1,0.1,0.0,1.1627159118652344,-1.8715275526046753,2.384185791015625e-07,-0.19999992847442627,1.1627161502838135,-2.0715274810791016,0.01160241316995045,0.1077144984203633,547.8091633214698,23.4053233970708
14,6_2_0.txt,train,bounded,sx0.100_sy0.100_a0.0,0.1,0.1,0.0,1.06400728225708,-1.92201828956604,2.384185791015625e-07,-0.19999980926513672,1.0640075206756592,-2.1220180988311768,0.011570060709014103,0.10756421667550088,546.9438633582516,23.386830981521452
16,10_2_0.txt,train,bounded,sx0.100_sy0.100_a0.0,0.1,0.1,0.0,1.1350409984588623,-2.0135385990142822,-0.1999998688697815,-0.19999980926513672,0.9350411295890808,-2.213538408279419,0.011611946213297907,0.10775874077446296,546.2227366762886,23.37140853000282
17,12_2_0.txt,train,bounded,sx0.100_sy0.100_a0.0,0.1,0.1,0.0,1.0508872270584106,-2.0685088634490967,-0.1999998688697815,-0.2999999523162842,0.8508873581886292,-2.368508815765381,0.01166430663964566,0.108001419618659,545.2362636449882,23.35029472287209
18,14_2_0.txt,train,bounded,sx0.100_sy0.100_a0.0,0.1,0.1,0.0,0.960929811000824,-2.1068992614746094,-0.2999998927116394,-0.2999999523162842,0.6609299182891846,-2.4068992137908936,0.011646048180026316,0.10791685771938653,545.6985757752539,23.36019211768717
19,16_2_0.txt,train,bounded,sx0.100_sy0.100_a0.0,0.1,0.1,0.0,0.8813032507896423,-1.9109996557235718,-0.2999998927116394,-0.49999988079071045,0.5813033580780029,-2.4109995365142822,0.011549872770563976,0.10747033437448669,545.314906673332,23.351978645787856
21,20_2_0.txt,train,bounded,sx0.100_sy0.100_a0.0,0.1,0.1,0.0,0.9474141597747803,-2.008958578109741,-0.4999999403953552,-0.5,0.44741421937942505,-2.508958578109741,0.011429454775746898,0.1069086281632446,545.4905898868687,23.35573997729185
22,24_2_0.txt,train,bounded,sx0.100_sy0.100_a0.0,0.1,0.1,0.0,0.0016808033687993884,-2.171370506286621,0.30000025033950806,-0.39999985694885254,0.3016810417175293,-2.5713703632354736,0.011552953276347418,0.10748466530788203,545.0837248120196,23.347028179449726
23,28_2_0.txt,train,bounded,sx0.100_sy0.100_a0.0,0.1,0.1,0.0,0.08120862394571304,-2.0160889625549316,1.7881393432617188e-07,-0.7000000476837158,0.08120880275964737,-2.7160890102386475,0.011548093180275614,0.10746205460661737,545.244518400553,23.350471481333155
24,32_2_0.txt,train,bounded,sx0.100_sy0.100_a0.0,0.1,0.1,0.0,-0.07099370658397675,-2.9083006381988525,1.7881393432617188e-07,2.384185791015625e-07,-0.07099352777004242,-2.9083003997802734,0.011423711141839604,0.10688176243793701,544.9376315821154,23.3438992368909
26,40_2_0.txt,train,bounded,sx0.100_sy0.100_a0.0,0.1,0.1,0.0,-0.14448285102844238,-2.88249135017395,-0.2999998927116394,-0.19999980926513672,-0.4444827437400818,-3.082491159439087,0.011424103943496251,0.10688359997444066,544.8445821154198,23.341906137147838
27,0_4_0.txt,train,bounded,sx0.100_sy0.100_a0.0,0.1,0.1,0.0,1.1127970218658447,-1.000896692276001,2.384185791015625e-07,-0.7000000476837158,1.1127972602844238,-1.7008967399597168,0.011527046971766998,0.10736408604261947,544.7907233001837,23.340752415039745
28,2_4_0.txt,train,bounded,sx0.100_sy0.100_a0.0,0.1,0.1,0.0,1.0408203601837158,-1.8114323616027832,2.384185791015625e-07,2.384185791015625e-07,1.040820598602295,-1.811432123184204,0.011418373203444746,0.10685678828902143,544.3954229181244,23.33228284840822
29,4_4_0.txt,train,bounded,sx0.100_sy0.100_a0.0,0.1,0.1,0.0,0.9386438727378845,-1.8602831363677979,1.7881393432617188e-07,2.384185791015625e-07,0.9386440515518188,-1.8602828979492188,0.01135577182289401,0.10656346382740198,544.4594918363736,23.333655775218197
31,8_4_0.txt,train,bounded,sx0.100_sy0.100_a0.0,0.1,0.1,0.0,1.0084733963012695,-1.962645173072815,-0.2999998927116394,1.1920928955078125e-07,0.7084735035896301,-1.9626450538635254,0.011351017114875118,0.10654115221300696,544.361534862648,23.3315566317948
32,10_4_0.txt,train,bounded,sx0.100_sy0.100_a0.0,0.1,0.1,0.0,0.9266839623451233,-2.0147392749786377,-0.2999998927116394,2.384185791015625e-07,0.6266840696334839,-2.0147390365600586,0.01125510895289444,0.10609009827921945,544.3970559332242,23.332317843138178
33,12_4_0.txt,train,bounded,sx0.100_sy0.100_a0.0,0.1,0.1,0.0,1.0801358222961426,-2.0452322959899902,-0.4999999403953552,2.384185791015625e-07,0.5801358819007874,-2.045232057571411,0.011196474223304623,0.10581339340227504,544.3054851246549,23.330355443598688
34,14_4_0.txt,train,bounded,sx0.100_sy0.100_a0.0,0.1,0.1,0.0,1.0002788305282593,-2.101205348968506,-0.4999999403953552,2.384185791015625e-07,0.500278890132904,-2.1012051105499268,0.011175247768684442,0.10571304445849831,544.2093528130177,23.32829511158108
36,18_4_0.txt,train,bounded,sx0.100_sy0.100_a0.0,0.1,0.1,0.0,0.8204900622367859,-1.9427326917648315,-0.4999999403953552,-0.19999992847442627,0.32049012184143066,-2.142732620239258,0.011222807602428228,0.10593775343298643,544.966375748299,23.344514896401233
37,20_4_0.txt,train,bounded,sx0.100_sy0.100_a0.0,0.1,0.1,0.0,0.1787743866443634,-2.0180938243865967,1.7881393432617188e-07,-0.19999980926513672,0.17877456545829773,-2.2180936336517334,0.011217613332790675,0.10591323492741912,544.2675153813211,23.329541688196986
38,24_4_0.txt,train,bounded,sx0.100_sy0.100_a0.0,0.1,0.1,0.0,0.020584721118211746,-2.140014171600342,1.7881393432617188e-07,-0.2999999523162842,0.020584899932146072,-2.440014123916626,0.011080599842528805,0.10526442819171539,544.6617804805699,23.337990069424784
39,28_4_0.txt,train,bounded,sx0.100_sy0.100_a0.0,0.1,0.1,0.0,0.11095932126045227,-1.9935978651046753,-0.1999998688697815,-0.49999988079071045,-0.08904054760932922,-2.4935977458953857,0.011043306275168491,0.10508713658278301,544.9290548707711,23.343715532681834
41,36_4_0.txt,train,bounded,sx0.100_sy0.100_a0.0,0.1,0.1,0.0,0.048407312482595444,-3.001477003097534,-0.4999999403953552,0.3000001907348633,-0.4515926241874695,-2.701476812362671,0.01108752917219001,0.10529733696627853,545.3851658147928,23.353482948262617
42,40_4_0.txt,train,bounded,sx0.100_sy0.100_a0.0,0.1,0.1,0.0,-0.10440709441900253,-2.8690478801727295,-0.49999991059303284,2.384185791015625e-07,-0.604407012462616,-2.8690476417541504,0.011059864537553026,0.10516589056130807,544.3340622779272,23.330967881293034
43,0_6_0.txt,train,bounded,sx0.100_sy0.100_a0.0,0.1,0.1,0.0,1.139190435409546,-0.9725443124771118,-0.1999998688697815,-0.49999988079071045,0.9391905665397644,-1.4725441932678223,0.01105186293188023,0.10512784089802392,544.5605934803034,23.335822108515984
44,2_6_0.txt,train,bounded,sx0.100_sy0.100_a0.0,0.1,0.1,0.0,1.0614408254623413,-1.0243074893951416,-0.1999998688697815,-0.5,0.8614409565925598,-1.5243074893951416,0.011077669493412512,0.1052505082810174,545.2320758347585,23.350205049094505
46,6_6_0.txt,train,bounded,sx0.100_sy0.100_a0.0,0.1,0.1,0.0,0.8841658234596252,-1.1197679042816162,-0.2999998927116394,-0.5,0.5841659307479858,-1.6197679042816162,0.01098543590287326,0.10481143021099015,544.7507140035391,23.339895329746856
47,8_6_0.txt,train,bounded,sx0.100_sy0.100_a0.0,0.1,0.1,0.0,1.034535527229309,-1.1661080121994019,-0.4999999403953552,-0.49999988079071045,0.5345355868339539,-1.6661078929901123,0.010925216126823333,0.10452375867152565,544.7816193409072,23.34055739139293
48,10_6_0.txt,train,bounded,sx0.100_sy0.100_a0.0,0.1,0.1,0.0,0.9558672904968262,-1.9894099235534668,-0.4999999403953552,0.20000028610229492,0.45586735010147095,-1.7894096374511719,0.010946888923545912,0.10462738132795789,544.177945278141,23.32762193791174
49,12_6_0.txt,train,bounded,sx0.100_sy0.100_a0.0,0.1,0.1,0.0,0.8609456419944763,-2.0191574096679688,-0.4999999403953552,0.20000028610229492,0.3609457015991211,-1.8191571235656738,0.01091774337543995,0.10448800589273369,544.1864298886022,23.32780379479822
51,20_6_0.txt,train,bounded,sx0.100_sy0.100_a0.0,0.1,0.1,0.0,0.18174785375595093,-1.9116148948669434,1.7881393432617188e-07,2.384185791015625e-07,0.18174803256988525,-1.9116146564483643,0.010824820067878091,0.10404239553123569,545.1173857675592,23.347749051408773
52,24_6_0.txt,train,bounded,sx0.100_sy0.100_a0.0,0.1,0.1,0.0,-0.017913121730089188,-2.022829532623291,1.7881393432617188e-07,2.384185791015625e-07,-0.01791294291615486,-2.022829294204712,0.01069287773240055,0.1034063718172171,543.9879107662728,23.323548417131402
53,28_6_0.txt,train,bounded,sx0.100_sy0.100_a0.0,0.1,0.1,0.0,0.07988239079713821,-1.8980789184570312,-0.1999998688697815,-0.19999980926513672,-0.12011747807264328,-2.098078727722168,0.010712227789036265,0.10349989270060267,544.3531123508347,23.331376134956866
54,32_6_0.txt,train,bounded,sx0.100_sy0.100_a0.0,0.1,0.1,0.0,-0.08162592351436615,-2.000687599182129,-0.2999998927116394,-0.19999980926513672,-0.38162583112716675,-2.2006874084472656,0.010813033919830286,0.1039857390214172,544.0424285686344,23.324717116583308
56,40_6_0.txt,train,bounded,sx0.100_sy0.100_a0.0,0.1,0.1,0.0,-0.15991386771202087,-1.9840278625488281,-0.49999991059303284,-0.5,-0.6599137783050537,-2.484027862548828,0.010730100481705869,0.10358619831669598,543.7164632848865,23.31772851898071
57,0_8_0.txt,train,bounded,sx0.100_sy0.100_a0.0,0.1,0.1,0.0,1.0937302112579346,-0.8584882616996765,-0.1999998688697815,-0.1999998688697815,0.8937303423881531,-1.058488130569458,0.010860852661472353,0.10421541470182016,543.7761323792827,23.319007963017697
58,2_8_0.txt,train,bounded,sx0.100_sy0.100_a0.0,0.1,0.1,0.0,1.0252892971038818,-0.9164329767227173,-0.2999998927116394,-0.19999992847442627,0.7252894043922424,-1.1164329051971436,0.01086921989955436,0.10425555092921604,543.7745330695712,23.318973671016725
59,4_8_0.txt,train,bounded,sx0.100_sy0.100_a0.0,0.1,0.1,0.0,0.9402161836624146,-0.9628430008888245,-0.2999998927116394,-0.1999998688697815,0.6402162909507751,-1.162842869758606,0.010825795801751968,0.10404708454229733,544.1113106114419,23.32619365887718
61,8_8_0.txt,train,bounded,sx0.100_sy0.100_a0.0,0.1,0.1,0.0,1.0183244943618774,-1.0574241876602173,-0.4999999403953552,-0.29999983310699463,0.5183245539665222,-1.357424020767212,0.01064344980376865,0.10316709651710011,543.3828949362646,23.310574744872007
62,10_8_0.txt,train,bounded,sx0.100_sy0.100_a0.0,0.1,0.1,0.0,0.9195324778556824,-1.098434567451477,-0.4999999403953552,-0.29999983310699463,0.41953253746032715,-1.3984344005584717,0.010590735902846258,0.10291130114251913,542.9048531862543,23.300318735722357
63,12_8_0.txt,train,bounded,sx0.100_sy0.100_a0.0,0.1,0.1,0.0,0.8347023129463196,-1.1555465459823608,-0.4999999403953552,-0.29999983310699463,0.33470237255096436,-1.4555463790893555,0.0105379095261624,0.10265432054308479,543.7413040077321,23.318261170330263
64,14_8_0.txt,train,bounded,sx0.100_sy0.100_a0.0,0.1,0.1,0.0,0.19979065656661987,-0.9897752404212952,1.7881393432617188e-07,-0.4999999403953552,0.1997908353805542,-1.4897751808166504,0.01055020742631002,0.10271420265138614,543.1329075140117,23.30521202465259
66,18_8_0.txt,train,bounded,sx0.100_sy0.100_a0.0,0.1,0.1,0.0,0.02017774060368538,-1.0790547132492065,1.7881393432617188e-07,-0.49999988079071045,0.020177919417619705,-1.579054594039917,0.010420159942219542,0.10207918466670637,543.5435663929164,23.314020811368348
67,20_8_0.txt,train,bounded,sx0.100_sy0.100_a0.0,0.1,0.1,0.0,-0.05768480896949768,-1.1277670860290527,1.7881393432617188e-07,-0.5,-0.057684630155563354,-1.6277670860290527,0.01047896457281623,0.1023668138256546,543.5496905658015,23.314152151982743
68,24_8_0.txt,train,bounded,sx0.100_sy0.100_a0.0,0.1,0.1,0.0,0.026004604995250702,-1.9861406087875366,-0.1999998688697815,0.20000016689300537,-0.1739952564239502,-1.7861404418945312,0.010551096975225665,0.1027185327739141,543.6293186527435,23.315859809424644
69,28_8_0.txt,train,bounded,sx0.100_sy0.100_a0.0,0.1,0.1,0.0,-0.11152587831020355,-1.898226261138916,-0.2999998927116394,2.384185791015625e-07,-0.41152578592300415,-1.898226022720337,0.010377461610103982,0.10186982678940797,543.6503225023758,23.31631022486997
71,36_8_0.txt,train,bounded,sx0.100_sy0.100_a0.0,0.1,0.1,0.0,-0.17667484283447266,-1.8666595220565796,-0.4999999403953552,-0.19999992847442627,-0.6766747832298279,-2.066659450531006,0.01040992338212175,0.10202903205520354,543.2657949181186,23.308062873566275
72,40_8_0.txt,train,bounded,sx0.100_sy0.100_a0.0,0.1,0.1,0.0,-0.8978931307792664,-2.0108156204223633,1.7881393432617188e-07,-0.19999980926513672,-0.897892951965332,-2.2108154296875,0.010498099167988313,0.10246023212929158,543.6446948423915,23.316189543799634
73,0_10_0.txt,train,bounded,sx0.100_sy0.100_a0.0,0.1,0.1,0.0,0.9027494788169861,-0.8564404249191284,-0.2999998927116394,1.7881393432617188e-07,0.6027495861053467,-0.8564402461051941,0.010532776759955927,0.10262931725367722,542.8056253946094,23.29818931579468
74,2_10_0.txt,train,bounded,sx0.100_sy0.100_a0.0,0.1,0.1,0.0,1.0750166177749634,-0.9150791764259338,-0.4999999403953552,1.7881393432617188e-07,0.5750166773796082,-0.9150789976119995,0.010452819098085878,0.10223902923094427,543.0721301347498,23.30390804424764
76,6_10_0.txt,train,bounded,sx0.100_sy0.100_a0.0,0.1,0.1,0.0,0.8989937901496887,-0.9938643574714661,-0.4999999403953552,1.7881393432617188e-07,0.3989938497543335,-0.9938641786575317,0.010293422956306171,0.10145650770801334,542.9203305131593,23.300650860290563
77,8_10_0.txt,train,bounded,sx0.100_sy0.100_a0.0,0.1,0.1,0.0,0.8144749402999878,-1.0489940643310547,-0.4999999403953552,2.384185791015625e-07,0.31447499990463257,-1.0489938259124756,0.010292749691887605,0.10145318965851988,542.6598427589008,23.295060479829214
78,10_10_0.txt,train,bounded,sx0.100_sy0.100_a0.0,0.1,0.1,0.0,0.18036480247974396,-0.8792535662651062,1.7881393432617188e-07,-0.1999998688697815,0.18036498129367828,-1.0792534351348877,0.010210807261150848,0.10104853913417476,542.5747427057265,23.293233839587977
79,12_10_0.txt,train,bounded,sx0.100_sy0.100_a0.0,0.1,0.1,0.0,0.08985799551010132,-0.9332243800163269,1.7881393432617188e-07,-0.1999998688697815,0.08985817432403564,-1.1332242488861084,0.01016783130349528,0.10083566483886185,542.6098337232559,23.293987072273733
81,16_10_0.txt,train,bounded,sx0.100_sy0.100_a0.0,0.1,0.1,0.0,-0.0832882970571518,-1.0304324626922607,1.7881393432617188e-07,-0.19999980926513672,-0.08328811824321747,-1.2304322719573975,0.010142173410236415,0.10070835819452334,542.4661369251162,23.290902449778887
82,18_10_0.txt,train,bounded,sx0.100_sy0.100_a0.0,0.1,0.1,0.0,0.07531921565532684,-1.073779821395874,-0.1999998688697815,-0.2999999523162842,-0.12468065321445465,-1.3737797737121582,0.010126808117995375,0.10063204319696274,542.6278511507626,23.29437380894285
83,20_10_0.txt,train,bounded,sx0.100_sy0.100_a0.0,0.1,0.1,0.0,-0.005231152288615704,-1.1244308948516846,-0.1999998688697815,-0.2999999523162842,-0.20523102581501007,-1.4244308471679688,0.010129056265100165,0.100643212712533,542.4661672198838,23.29090310013512
84,24_10_0.txt,train,bounded,sx0.100_sy0.100_a0.0,0.1,0.1,0.0,0.07694685459136963,-0.979080080986023,-0.4999999403953552,-0.49999988079071045,-0.4230530858039856,-1.4790799617767334,0.00999394228718894,0.09996970684756928,542.9917049235654,23.302182406881236
86,32_10_0.txt,train,bounded,sx0.100_sy0.100_a0.0,0.1,0.1,0.0,-0.7626378536224365,-1.9455702304840088,1.7881393432617188e-07,0.20000028610229492,-0.7626376748085022,-1.7455699443817139,0.010156307439619358,0.10077850683364661,541.8916092902604,23.27856544742954
87,36_10_0.txt,train,bounded,sx0.100_sy0.100_a0.0,0.1,0.1,0.0,-0.9051929116249084,-1.8954275846481323,1.7881393432617188e-07,1.1920928955078125e-07,-0.9051927328109741,-1.8954274654388428,0.00999981912786077,0.09999909563521447,542.9173870048908,23.30058769655587
88,40_10_0.txt,train,bounded,sx0.100_sy0.100_a0.0,0.1,0.1,0.0,-1.0875853300094604,-2.014199733734131,1.1920928955078125e-07,2.384185791015625e-07,-1.087585210800171,-2.0141994953155518,0.009996361644084371,0.09998180656541655,542.186796063042,23.284904897015192
89,0_12_0.txt,train,bounded,sx0.100_sy0.100_a0.0,0.1,0.1,0.0,0.9269750118255615,-0.06995823979377747,-0.4999999403953552,-0.4999999701976776,0.4269750714302063,-0.5699582099914551,0.01015074966068277,0.10075092883285379,542.6698809996881,23.29527593740173
91,4_12_0.txt,train,bounded,sx0.100_sy0.100_a0.0,0.1,0.1,0.0,0.01550446730107069,-0.002178396563977003,0.20000022649765015,-0.699999988079071,0.2155046910047531,-0.7021783590316772,0.010163966791413693,0.10081650059099301,543.3014835704058,23.308828446972743
92,6_12_0.txt,train,bounded,sx0.100_sy0.100_a0.0,0.1,0.1,0.0,0.17301273345947266,-0.04078861325979233,1.7881393432617188e-07,-0.699999988079071,0.17301291227340698,-0.7407885789871216,0.010085606538400163,0.10042712053225544,543.096353217789,23.30442775992985
93,8_12_0.txt,train,bounded,sx0.100_sy0.100_a0.0,0.1,0.1,0.0,0.09599360078573227,-0.8338221907615662,-0.09999984502792358,1.7881393432617188e-07,-0.004006244242191315,-0.8338220119476318,0.00993463994222935,0.09967266396675345,542.7313670560399,23.296595610862113
94,10_12_0.txt,train,bounded,sx0.100_sy0.100_a0.0,0.1,0.1,0.0,-0.0040674349293112755,-0.8859525918960571,1.7881393432617188e-07,1.7881393432617188e-07,-0.004067256115376949,-0.8859524130821228,0.009851390186853347,0.09925416961948423,542.5424820858987,23.29254134022088
96,14_12_0.txt,train,bounded,sx0.100_sy0.100_a0.0,0.1,0.1,0.0,0.06052401289343834,-0.9844554662704468,-0.1999998688697815,1.7881393432617188e-07,-0.13947585225105286,-0.9844552874565125,0.009779292140262597,0.09889030357048459,542.9058632525971,23.300340410659178
97,16_12_0.txt,train,bounded,sx0.100_sy0.100_a0.0,0.1,0.1,0.0,-0.018786240369081497,-1.038451910018921,-0.2999998927116394,2.384185791015625e-07,-0.3187861442565918,-1.0384516716003418,0.009727922870088569,0.09863023304285846,542.4950883826154,23.29152396007216
98,18_12_0.txt,train,bounded,sx0.100_sy0.100_a0.0,0.1,0.1,0.0,-0.11219299584627151,-1.0735207796096802,-0.2999998927116394,1.1920928955078125e-07,-0.4121928811073303,-1.0735206604003906,0.009686428798618146,0.09841965656624771,542.5836906329213,23.293425910177344
99,20_12_0.txt,train,bounded,sx0.100_sy0.100_a0.0,0.1,0.1,0.0,0.05772626772522926,-0.878930389881134,-0.4999999403953552,-0.1999998688697815,-0.44227367639541626,-1.0789302587509155,0.009648567086742572,0.09822711991472911,541.6192252599873,23.272714179054994
101,28_12_0.txt,train,bounded,sx0.100_sy0.100_a0.0,0.1,0.1,0.0,-0.8107417225837708,-1.1391667127609253,1.7881393432617188e-07,-0.19999992847442627,-0.8107415437698364,-1.3391666412353516,0.009719848595126018,0.09858929249733978,541.8653534019992,23.278001490720786
102,32_12_0.txt,train,bounded,sx0.100_sy0.100_a0.0,0.1,0.1,0.0,-0.9755985140800476,-0.9935497641563416,1.7881393432617188e-07,-0.4999999403953552,-0.9755983352661133,-1.4935497045516968,0.009710663954136957,0.09854270117130419,542.3374939826671,23.28814062957082
103,36_12_0.txt,train,bounded,sx0.100_sy0.100_a0.0,0.1,0.1,0.0,-0.878322958946228,-1.1084918975830078,-0.19999992847442627,-0.5,-1.0783228874206543,-1.6084918975830078,0.009773452681182552,0.09886077422912766,541.8266377791083,23.277169883366582
104,40_12_0.txt,train,bounded,sx0.100_sy0.100_a0.0,0.1,0.1,0.0,-1.0451326370239258,-1.96857750415802,-0.19999980926513672,0.20000016689300537,-1.2451324462890625,-1.7685773372650146,0.009903499944877674,0.09951633004124336,542.012277213902,23.281157127898563
106,2_14_0.txt,train,bounded,sx0.100_sy0.100_a0.0,0.1,0.1,0.0,0.121847003698349,0.08661092817783356,1.7881393432617188e-07,-0.4999999403953552,0.12184718251228333,-0.41338902711868286,0.009810068844309777,0.09904579165370822,542.7050193866908,23.296030120745698
107,4_14_0.txt,train,bounded,sx0.100_sy0.100_a0.0,0.1,0.1,0.0,0.03742443025112152,0.03825382515788078,1.7881393432617188e-07,-0.4999999403953552,0.03742460906505585,-0.46174612641334534,0.00968960575880611,0.09843579510933058,542.8180723568923,23.298456437216874
108,6_14_0.txt,train,bounded,sx0.100_sy0.100_a0.0,0.1,0.1,0.0,-0.05036209523677826,-0.002258735941722989,1.7881393432617188e-07,-0.49999991059303284,-0.05036191642284393,-0.5022586584091187,0.009602668549482867,0.09799320664965948,542.8254658529938,23.298615105902623
109,8_14_0.txt,train,bounded,sx0.100_sy0.100_a0.0,0.1,0.1,0.0,0.12104622274637222,-0.055164989084005356,-0.1999998688697815,-0.4999999403953552,-0.07895364612340927,-0.5551649332046509,0.009604852644194995,0.09800435012893557,542.4579726167025,23.2907271809341
111,12_14_0.txt,train,bounded,sx0.100_sy0.100_a0.0,0.1,0.1,0.0,-0.05671866610646248,-0.14913050830364227,-0.2999998927116394,-0.4999999403953552,-0.3567185699939728,-0.6491304636001587,0.009617558108046905,0.09806914962436916,541.7666475749501,23.275881241640455
112,14_14_0.txt,train,bounded,sx0.100_sy0.100_a0.0,0.1,0.1,0.0,0.09337113052606583,-0.19392096996307373,-0.4999999403953552,-0.4999999403953552,-0.40662881731987,-0.693920910358429,0.00952375725885654,0.09758973951628593,542.1944481203246,23.285069210125286
113,16_14_0.txt,train,bounded,sx0.100_sy0.100_a0.0,0.1,0.1,0.0,0.024809516966342926,-0.7777516841888428,-0.4999999403953552,1.7881393432617188e-07,-0.4751904308795929,-0.7777515053749084,0.009488023221348198,0.09740648449332415,541.3950063726948,23.2678964750296
114,18_14_0.txt,train,bounded,sx0.100_sy0.100_a0.0,0.1,0.1,0.0,-0.07045461982488632,-0.811930775642395,-0.49999991059303284,1.7881393432617188e-07,-0.5704545378684998,-0.8119305968284607,0.009425109063181662,0.09708300089707601,541.1657996315737,23.262970567654804
116,24_14_0.txt,train,bounded,sx0.100_sy0.100_a0.0,0.1,0.1,0.0,-0.8547477126121521,-1.002129316329956,1.7881393432617188e-07,2.384185791015625e-07,-0.8547475337982178,-1.002129077911377,0.009382386280608921,0.09686271873434547,541.4324879653847,23.268701896869636
117,28_14_0.txt,train,bounded,sx0.100_sy0.100_a0.0,0.1,0.1,0.0,-1.0279635190963745,-0.8688739538192749,1.1920928955078125e-07,-0.19999992847442627,-1.027963399887085,-1.0688738822937012,0.009361061466988035,0.0967525786064022,541.6585494061201,23.27355901889782
118,32_14_0.txt,train,bounded,sx0.100_sy0.100_a0.0,0.1,0.1,0.0,-0.9301395416259766,-0.9908740520477295,-0.19999980926513672,-0.19999980926513672,-1.1301393508911133,-1.1908738613128662,0.009551090585111882,0.09772968118801924,542.1027964389875,23.2831010915425
119,36_14_0.txt,train,bounded,sx0.100_sy0.100_a0.0,0.1,0.1,0.0,-1.09462571144104,-1.095238447189331,-0.19999980926513672,-0.2999999523162842,-1.2946255207061768,-1.3952383995056152,0.009627876093661112,0.09812174118747136,541.8430510903307,23.277522443128063
121,0_16_0.txt,train,bounded,sx0.100_sy0.100_a0.0,0.1,0.1,0.0,-0.008797562681138515,0.14936430752277374,1.7881393432617188e-07,-0.1999998688697815,-0.00879738386720419,-0.05063556134700775,0.009579805248968216,0.09787647954931877,542.5344380119408,23.292368664692322
122,2_16_0.txt,train,bounded,sx0.100_sy0.100_a0.0,0.1,0.1,0.0,-0.08043012022972107,0.0925474688410759,1.7881393432617188e-07,-0.1999998688697815,-0.08042994141578674,-0.1074524000287056,0.009520999607687222,0.09757560969672299,541.9533921718045,23.27989244330404
123,4_16_0.txt,train,bounded,sx0.100_sy0.100_a0.0,0.1,0.1,0.0,0.07645853608846664,0.05618525296449661,-0.2999998927116394,-0.1999998688697815,-0.22354134917259216,-0.14381462335586548,0.00949130249709616,0.09742331598285987,541.8910801640025,23.278554082330853
124,6_16_0.txt,train,bounded,sx0.100_sy0.100_a0.0,0.1,0.1,0.0,3.3429564779154753e-17,-2.4403860949387727e-16,-0.2999998927116394,-0.2999998927116394,-0.2999998927116394,-0.2999998927116394,0.009429214991469677,0.09710414507872296,542.1717963591514,23.28458280406053
126,10_16_0.txt,train,bounded,sx0.100_sy0.100_a0.0,0.1,0.1,0.0,0.0754086971282959,-0.08870456367731094,-0.4999999403953552,-0.2999998927116394,-0.4245912432670593,-0.38870444893836975,0.009287715728492974,0.09637279558305328,541.967932553671,23.28020473607719
127,12_16_0.txt,train,bounded,sx0.100_sy0.100_a0.0,0.1,0.1,0.0,-0.01685410737991333,-0.12737074494361877,-0.4999999403953552,-0.2999998927116394,-0.5168540477752686,-0.4273706376552582,0.009208843980316532,0.09596272182632448,542.5961936374829,23.293694289173686
128,14_16_0.txt,train,bounded,sx0.100_sy0.100_a0.0,0.1,0.1,0.0,-0.10046342760324478,0.06165945157408714,-0.4999999701976776,-0.4999999403953552,-0.6004633903503418,-0.4383404850959778,0.0091673803363194,0.09574643772130324,541.8373232705098,23.277399409524033
129,18_16_0.txt,train,bounded,sx0.100_sy0.100_a0.0,0.1,0.1,0.0,-0.20270131528377533,0.013818897306919098,-0.4999999403953552,-0.4999999403953552,-0.7027012705802917,-0.4861810505390167,0.009128503658591478,0.09554320309991432,541.9301785918233,23.279393862208337
131,24_16_0.txt,train,bounded,sx0.100_sy0.100_a0.0,0.1,0.1,0.0,-0.9771661162376404,-0.18263326585292816,1.7881393432617188e-07,-0.4999999403953552,-0.977165937423706,-0.6826332211494446,0.009104908443623353,0.09541964390849168,541.5177190560486,23.270533278290994
132,28_16_0.txt,train,bounded,sx0.100_sy0.100_a0.0,0.1,0.1,0.0,-0.8639876246452332,-0.8341618180274963,-0.1999998688697815,1.7881393432617188e-07,-1.0639874935150146,-0.834161639213562,0.009190126733641835,0.09586514869149182,541.4332649392546,23.268718592549412
133,32_16_0.txt,train,bounded,sx0.100_sy0.100_a0.0,0.1,0.1,0.0,-1.0333940982818604,-0.9466875791549683,-0.19999980926513672,1.7881393432617188e-07,-1.233393907546997,-0.9466874003410339,0.00932473300862345,0.09656465714029874,541.6063947393812,23.272438521551223
134,36_16_0.txt,train,bounded,sx0.100_sy0.100_a0.0,0.1,0.1,0.0,-0.9337806701660156,-1.0638940334320068,-0.5,2.384185791015625e-07,-1.4337806701660156,-1.0638937950134277,0.009347006996319,0.09667992033674314,541.0067474569798,23.259551746690644
136,0_18_0.txt,train,bounded,sx0.100_sy0.100_a0.0,0.1,0.1,0.0,0.14229941368103027,0.20201560854911804,-0.2999998927116394,1.7881393432617188e-07,-0.15770047903060913,0.20201578736305237,0.009451423059615953,0.0972184296294481,541.5273746127136,23.270740740524648
137,2_18_0.txt,train,bounded,sx0.100_sy0.100_a0.0,0.1,0.1,0.0,0.06472107768058777,0.134464830160141,-0.2999998927116394,1.7881393432617188e-07,-0.23527881503105164,0.13446500897407532,0.009322002101720918,0.09655051580245917,541.6964701189858,23.27437367833957
138,4_18_0.txt,train,bounded,sx0.100_sy0.100_a0.0,0.1,0.1,0.0,-0.01518282014876604,0.08386442810297012,-0.2999998927116394,1.7881393432617188e-07,-0.31518271565437317,0.08386460691690445,0.009278353811641755,0.09632421197000136,541.9805873135092,23.280476526770435
139,6_18_0.txt,train,bounded,sx0.100_sy0.100_a0.0,0.1,0.1,0.0,-0.10803266614675522,0.04421783238649368,-0.2999998927116394,1.7881393432617188e-07,-0.4080325663089752,0.04421801120042801,0.009158160829980755,0.0956982801829832,541.4139948955664,23.26830451269637
141,10_18_0.txt,train,bounded,sx0.100_sy0.100_a0.0,0.1,0.1,0.0,-0.030943136662244797,-0.04187820106744766,-0.4999999701976776,1.7881393432617188e-07,-0.5309430956840515,-0.041878022253513336,0.00902909202774549,0.09502153454741452,541.8047319116947,23.276699334564054
142,12_18_0.txt,train,bounded,sx0.100_sy0.100_a0.0,0.1,0.1,0.0,-0.11051904410123825,-0.10058076679706573,-0.4999999403953552,1.7881393432617188e-07,-0.6105189919471741,-0.10058058798313141,0.009038555997034929,0.09507132058110337,541.2441187176474,23.264653849082894
143,14_18_0.txt,train,bounded,sx0.100_sy0.100_a0.0,0.1,0.1,0.0,-0.20702625811100006,0.11577949672937393,-0.4999999403953552,-0.1999998688697815,-0.7070261836051941,-0.08422037214040756,0.00901681511641481,0.09495691189384167,541.5987789667354,23.272274898830485
144,16_18_0.txt,train,bounded,sx0.100_sy0.100_a0.0,0.1,0.1,0.0,-0.787223219871521,0.056974079459905624,1.7881393432617188e-07,-0.2999998927116394,-0.7872230410575867,-0.24302580952644348,0.00904413701588767,0.0951006677993781,541.9055602463438,23.278865097902514
146,20_18_0.txt,train,bounded,sx0.100_sy0.100_a0.0,0.1,0.1,0.0,-1.0161545276641846,-0.07137072831392288,2.384185791015625e-07,-0.1999998688697815,-1.0161542892456055,-0.2713705897331238,0.008972894839101641,0.0947253653416108,541.6147622528578,23.27261829388472
147,24_18_0.txt,train,bounded,sx0.100_sy0.100_a0.0,0.1,0.1,0.0,-0.9399003386497498,0.08453905582427979,-0.1999998688697815,-0.4999999403953552,-1.1399002075195312,-0.41546088457107544,0.008995979573961758,0.09484713793236861,542.2625828685738,23.28653222076172
148,28_18_0.txt,train,bounded,sx0.100_sy0.100_a0.0,0.1,0.1,0.0,-1.1019967794418335,-0.018153538927435875,-0.19999992847442627,-0.4999999403953552,-1.3019967079162598,-0.5181534886360168,0.009061612435872848,0.09519250199397455,541.7152489117937,23.27477709693035
149,32_18_0.txt,train,bounded,sx0.100_sy0.100_a0.0,0.1,0.1,0.0,-1.0121475458145142,-0.1487843096256256,-0.49999988079071045,-0.4999999701976776,-1.5121474266052246,-0.6487842798233032,0.009153547255922942,0.09567417235556805,542.07533012039,23.282511250300946
151,40_18_0.txt,train,bounded,sx0.100_sy0.100_a0.0,0.1,0.1,0.0,-1.8167308568954468,-0.9335573315620422,1.1920928955078125e-07,1.7881393432617188e-07,-1.8167307376861572,-0.9335571527481079,0.009451912401294291,0.09722094630939514,541.506401140553,23.270290095754135
152,0_20_0.txt,train,bounded,sx0.100_sy0.100_a0.0,0.1,0.1,0.0,-0.08291160315275192,1.001738429069519,-0.2999998927116394,-0.4999999403953552,-0.3829115033149719,0.5017384886741638,0.009245485879098285,0.09615344964741662,541.0593850071716,23.260683244633455
153,2_20_0.txt,train,bounded,sx0.100_sy0.100_a0.0,0.1,0.1,0.0,0.09338255971670151,0.9423674941062927,-0.5999999642372131,-0.4999999403953552,-0.5066174268722534,0.4423675537109375,0.009170817721887627,0.09576438650086799,540.9389669366687,23.25809465404827
154,4_20_0.txt,train,bounded,sx0.100_sy0.100_a0.0,0.1,0.1,0.0,-0.008316772058606148,0.9014561772346497,-0.49999991059303284,-0.4999999403953552,-0.508316695690155,0.40145623683929443,0.009042719066662689,0.09509321251626053,541.1046683356476,23.261656612022446
156,8_20_0.txt,train,bounded,sx0.100_sy0.100_a0.0,0.1,0.1,0.0,-0.1903708428144455,0.8055828809738159,-0.4999999403953552,-0.5999999642372131,-0.6903707981109619,0.20558291673660278,0.00896761728355275,0.09469750410413545,541.2734670923143,23.265284590830053
157,10_20_0.txt,train,bounded,sx0.100_sy0.100_a0.0,0.1,0.1,0.0,-0.7650682926177979,0.0059648542664945126,1.7881393432617188e-07,0.20000022649765015,-0.7650681138038635,0.2059650868177414,0.008910997805770234,0.09439808157886596,541.4108721188423,23.268237408941022
158,12_20_0.txt,train,bounded,sx0.100_sy0.100_a0.0,0.1,0.1,0.0,-0.8581326007843018,0.14566156268119812,1.7881393432617188e-07,1.7881393432617188e-07,-0.8581324219703674,0.14566174149513245,0.008821059814509888,0.09392049730761591,540.885153177906,23.256937742916758
159,14_20_0.txt,train,bounded,sx0.100_sy0.100_a0.0,0.1,0.1,0.0,-0.9477806091308594,0.08196555823087692,1.7881393432617188e-07,1.7881393432617188e-07,-0.947780430316925,0.08196573704481125,0.008814044672813109,0.09388314370968363,541.1687228596469,23.263033397638555
161,18_20_0.txt,train,bounded,sx0.100_sy0.100_a0.0,0.1,0.1,0.0,-0.87807297706604,-0.021575110033154488,-0.19999980926513672,1.7881393432617188e-07,-1.0780727863311768,-0.02157493121922016,0.008772931186057317,0.09366392681314037,541.1786614833692,23.263247010754306
162,20_20_0.txt,train,bounded,sx0.100_sy0.100_a0.0,0.1,0.1,0.0,-0.9776239991188049,-0.0583183616399765,-0.1999998688697815,1.7881393432617188e-07,-1.1776238679885864,-0.058318182826042175,0.008888363786688766,0.09427811934212925,541.0749179541191,23.261017130687108
163,24_20_0.txt,train,bounded,sx0.100_sy0.100_a0.0,0.1,0.1,0.0,-1.1191799640655518,0.07536351680755615,-0.2999999523162842,-0.1999998688697815,-1.419179916381836,-0.12463635206222534,0.008988609751667837,0.09480827891944794,540.8600577483519,23.25639821099458
164,28_20_0.txt,train,bounded,sx0.100_sy0.100_a0.0,0.1,0.1,0.0,-1.0353864431381226,-0.03190965950489044,-0.49999988079071045,-0.2999998927116394,-1.535386323928833,-0.33190953731536865,0.009026715200660652,0.09500902694302606,540.3692638497586,23.24584401241991
166,36_20_0.txt,train,bounded,sx0.100_sy0.100_a0.0,0.1,0.1,0.0,-1.8843514919281006,-0.04763903468847275,2.384185791015625e-07,-0.49999991059303284,-1.8843512535095215,-0.5476389527320862,0.009286221264065147,0.0963650417115312,540.8998808631392,23.257254370693442
167,40_20_0.txt,train,bounded,sx0.100_sy0.100_a0.0,0.1,0.1,0.0,-2.0330119132995605,-0.17042945325374603,2.384185791015625e-07,-0.4999999403953552,-2.0330116748809814,-0.6704294085502625,0.009481224292870048,0.09737157846553607,540.9673223823888,23.258704228361236
168,0_24_0.txt,train,bounded,sx0.100_sy0.100_a0.0,0.1,0.1,0.0,0.051888301968574524,0.9187096357345581,-0.4999999403953552,-0.2999998927116394,-0.4481116533279419,0.6187097430229187,0.00905850663898278,0.09517618735262923,541.0728676185241,23.260973058290663
169,2_24_0.txt,train,bounded,sx0.100_sy0.100_a0.0,0.1,0.1,0.0,-0.023219799622893333,0.860917329788208,-0.4999999701976776,-0.2999998927116394,-0.5232197642326355,0.5609174370765686,0.008978276736821876,0.09475376898478433,541.15541676381,23.262747403602393
171,6_24_0.txt,train,bounded,sx0.100_sy0.100_a0.0,0.1,0.1,0.0,-0.21022941172122955,0.9996659755706787,-0.4999999403953552,-0.4999999403953552,-0.7102293372154236,0.4996660351753235,0.00889223645935102,0.09429865566035933,541.3913241112502,23.267817347384568
172,8_24_0.txt,train,bounded,sx0.100_sy0.100_a0.0,0.1,0.1,0.0,-0.8326901793479919,0.9204922318458557,1.7881393432617188e-07,-0.4999999403953552,-0.8326900005340576,0.4204922914505005,0.008840093262158549,0.09402177015010167,540.8904594210808,23.25705182135261
173,10_24_0.txt,train,bounded,sx0.100_sy0.100_a0.0,0.1,0.1,0.0,-0.9102489948272705,0.8710412979125977,1.7881393432617188e-07,-0.4999999403953552,-0.9102488160133362,0.37104135751724243,0.008797475479407263,0.09379485849132277,541.0781566105057,23.261086746119705
174,12_24_0.txt,train,bounded,sx0.100_sy0.100_a0.0,0.1,0.1,0.0,-1.0021566152572632,0.8354662656784058,1.1920928955078125e-07,-0.4999999403953552,-1.0021564960479736,0.33546632528305054,0.00870678089184113,0.09331013284655172,541.1781644631523,23.263236328231553
176,16_24_0.txt,train,bounded,sx0.100_sy0.100_a0.0,0.1,0.1,0.0,-0.9180272817611694,0.20425847172737122,-0.19999992847442627,1.7881393432617188e-07,-1.1180272102355957,0.20425865054130554,0.008763354809465601,0.09361279191149895,541.3134714466971,23.266144318444713
177,18_24_0.txt,train,bounded,sx0.100_sy0.100_a0.0,0.1,0.1,0.0,-1.0053850412368774,0.14569206535816193,-0.19999992847442627,1.7881393432617188e-07,-1.2053849697113037,0.14569224417209625,0.008873501883564757,0.09419926689504944,541.0273443296717,23.25999450407656
178,20_24_0.txt,train,bounded,sx0.100_sy0.100_a0.0,0.1,0.1,0.0,-1.0966949462890625,0.10661428421735764,-0.2999999523162842,1.7881393432617188e-07,-1.3966948986053467,0.10661446303129196,0.008808637468613887,0.093854341767517,541.9347422162214,23.27949188054201
179,24_24_0.txt,train,bounded,sx0.100_sy0.100_a0.0,0.1,0.1,0.0,-1.025707721710205,0.019066041335463524,-0.5,1.7881393432617188e-07,-1.525707721710205,0.01906622014939785,0.00887472182543502,0.09420574199821909,541.646109141325,23.27329175560099
181,32_24_0.txt,train,bounded,sx0.100_sy0.100_a0.0,0.1,0.1,0.0,-1.871219277381897,0.007129018660634756,1.1920928955078125e-07,-0.1999998688697815,-1.8712191581726074,-0.1928708553314209,0.009263072377529016,0.0962448563692056,541.5815517995385,23.27190477377257
182,36_24_0.txt,train,bounded,sx0.100_sy0.100_a0.0,0.1,0.1,0.0,-2.0299336910247803,-0.1141597330570221,0.10000014305114746,-0.2999998927116394,-1.9299335479736328,-0.4141596257686615,0.009340508139693674,0.09664630432506809,541.3420151276937,23.26675772701675
183,40_24_0.txt,train,bounded,sx0.100_sy0.100_a0.0,0.1,0.1,0.0,-1.9500099420547485,0.03254789486527443,-0.19999992847442627,-0.4999999403953552,-2.150009870529175,-0.4674520492553711,0.009489875706147092,0.09741599307170816,541.3068130718317,23.26600122650714
184,0_28_0.txt,train,bounded,sx0.100_sy0.100_a0.0,0.1,0.1,0.0,-0.09416549652814865,1.1103911399841309,-0.4999999403953552,-0.2999998927116394,-0.5941654443740845,0.8103912472724915,0.009125790281893696,0.09552900230764318,541.7118786289668,23.274704694774687
186,4_28_0.txt,train,bounded,sx0.100_sy0.100_a0.0,0.1,0.1,0.0,-0.9995627403259277,0.9872124195098877,0.20000022649765015,-0.2999998927116394,-0.7995625138282776,0.6872125267982483,0.009014129745761433,0.09494277089784894,541.0625011539026,23.260750227666833
187,6_28_0.txt,train,bounded,sx0.100_sy0.100_a0.0,0.1,0.1,0.0,-0.8944355249404907,0.9167194962501526,1.7881393432617188e-07,-0.2999998927116394,-0.8944353461265564,0.6167196035385132,0.008827159160370987,0.09395296248852926,541.5179555367367,23.270538359409237
188,8_28_0.txt,train,bounded,sx0.100_sy0.100_a0.0,0.1,0.1,0.0,-0.9767125844955444,0.8616864085197449,1.7881393432617188e-07,-0.2999998927116394,-0.9767124056816101,0.5616865158081055,0.008727109237585974,0.09341899826901365,541.8618604060575,23.27792646276849
189,10_28_0.txt,train,bounded,sx0.100_sy0.100_a0.0,0.1,0.1,0.0,-1.069798469543457,1.0772242546081543,2.384185791015625e-07,-0.4999999403953552,-1.069798231124878,0.5772243142127991,0.008699392356638334,0.09327053316368644,542.0008731554196,23.28091220625643
191,14_28_0.txt,train,bounded,sx0.100_sy0.100_a0.0,0.1,0.1,0.0,-0.9915158748626709,0.9867703914642334,-0.19999980926513672,-0.4999999403953552,-1.1915156841278076,0.4867704510688782,0.008745196336101642,0.09351575448073784,542.1454324802864,23.284016674111157
192,16_28_0.txt,train,bounded,sx0.100_sy0.100_a0.0,0.1,0.1,0.0,-1.071293830871582,0.9295282959938049,-0.19999980926513672,-0.4999999403953552,-1.2712936401367188,0.4295283555984497,0.008830586258695127,0.09397119909150424,541.2437929543348,23.2646468478319
193,18_28_0.txt,train,bounded,sx0.100_sy0.100_a0.0,0.1,0.1,0.0,-0.9213948845863342,0.8908419609069824,-0.4999999403953552,-0.4999999403953552,-1.4213948249816895,0.3908420205116272,0.008835218120218993,0.09399584097298663,541.2586160477285,23.264965421159097
194,20_28_0.txt,train,bounded,sx0.100_sy0.100_a0.0,0.1,0.1,0.0,-1.0049350261688232,0.07755668461322784,-0.5,0.20000021159648895,-1.5049350261688232,0.2775568962097168,0.008806441626543779,0.09384264290046279,541.3103003507579,23.26607617005407
196,28_28_0.txt,train,bounded,sx0.100_sy0.100_a0.0,0.1,0.1,0.0,-1.8026200532913208,0.04041594639420509,1.1920928955078125e-07,1.7881393432617188e-07,-1.8026199340820312,0.04041612520813942,0.00906325200897413,0.09520111348599936,541.1633222492109,23.2629173202591
197,32_28_0.txt,train,bounded,sx0.100_sy0.100_a0.0,0.1,0.1,0.0,-1.9939104318618774,-0.07878798246383667,1.1920928955078125e-07,1.7881393432617188e-07,-1.993910312652588,-0.07878780364990234,0.009299133772189615,0.09643201632336439,541.3983977575093,23.267969351825897
198,36_28_0.txt,train,bounded,sx0.100_sy0.100_a0.0,0.1,0.1,0.0,-1.9015284776687622,0.04656700789928436,-0.19999992847442627,-0.1999998688697815,-2.1015284061431885,-0.15343286097049713,0.009442230566391263,0.09717114060456049,541.9604697549976,23.280044453458366
199,40_28_0.txt,train,bounded,sx0.100_sy0.100_a0.0,0.1,0.1,0.0,-2.069859743118286,-0.049832988530397415,-0.19999980926513672,-0.2999998927116394,-2.269859552383423,-0.3498328924179077,0.00961740540451296,0.09806837107096743,541.8488480609351,23.277646961429223
201,2_32_0.txt,train,bounded,sx0.100_sy0.100_a0.0,0.1,0.1,0.0,-0.8347070813179016,0.9368135333061218,1.7881393432617188e-07,1.7881393432617188e-07,-0.8347069025039673,0.9368137121200562,0.008946453696547526,0.09458569498897561,540.8945987769225,23.257140812596084
202,4_32_0.txt,train,bounded,sx0.100_sy0.100_a0.0,0.1,0.1,0.0,-0.92139732837677,1.1246050596237183,1.7881393432617188e-07,-0.2999998927116394,-0.9213971495628357,0.8246051669120789,0.00885869351478651,0.09412063277935667,541.4844977059247,23.269819460105932
203,6_32_0.txt,train,bounded,sx0.100_sy0.100_a0.0,0.1,0.1,0.0,-1.0159095525741577,1.0816437005996704,1.1920928955078125e-07,-0.2999998927116394,-1.0159094333648682,0.781643807888031,0.008823390855982929,0.09393290614040922,542.0188011719023,23.281297239885546
204,8_32_0.txt,train,bounded,sx0.100_sy0.100_a0.0,0.1,0.1,0.0,-1.0892282724380493,1.0297470092773438,1.1920928955078125e-07,-0.2999998927116394,-1.0892281532287598,0.7297471165657043,0.008820367369686702,0.09391681090032127,541.6738414252857,23.273887544312096
206,12_32_0.txt,train,bounded,sx0.100_sy0.100_a0.0,0.1,0.1,0.0,-1.0135005712509155,0.9367220997810364,-0.19999992847442627,-0.2999998927116394,-1.2135004997253418,0.636722207069397,0.00878735331874808,0.09374088392344121,541.9809917555249,23.28048521306042
207,14_32_0.txt,train,bounded,sx0.100_sy0.100_a0.0,0.1,0.1,0.0,-1.1096720695495605,0.9019870162010193,-0.2999999523162842,-0.2999998927116394,-1.4096720218658447,0.6019871234893799,0.008786204917229958,0.09373475831957939,542.6164899709047,23.294129946639018
208,16_32_0.txt,train,bounded,sx0.100_sy0.100_a0.0,0.1,0.1,0.0,-0.9386378526687622,0.8415424823760986,-0.49999988079071045,-0.2999998927116394,-1.4386377334594727,0.5415425896644592,0.008774850526331935,0.09367417214116139,542.2627457603918,23.286535718315676
209,18_32_0.txt,train,bounded,sx0.100_sy0.100_a0.0,0.1,0.1,0.0,-1.032752275466919,1.0528919696807861,-0.5,-0.4999999403953552,-1.532752275466919,0.5528920292854309,0.008805591226421449,0.09383811180123697,542.1445553299595,23.283997838214113
211,24_32_0.txt,train,bounded,sx0.100_sy0.100_a0.0,0.1,0.1,0.0,-1.78603196144104,0.8247677683830261,2.384185791015625e-07,-0.4999999403953552,-1.786031723022461,0.3247678279876709,0.009032237863621366,0.09503808638446676,542.0854145698967,23.282727816342668
212,28_32_0.txt,train,bounded,sx0.100_sy0.100_a0.0,0.1,0.1,0.0,-1.9258235692977905,0.9487558007240295,1.1920928955078125e-07,-0.699999988079071,-1.925823450088501,0.2487558126449585,0.009222279975460363,0.09603270263540625,542.4629718012746,23.290834502036947
213,32_32_0.txt,train,bounded,sx0.100_sy0.100_a0.0,0.1,0.1,0.0,-1.8629244565963745,0.07900318503379822,-0.19999992847442627,1.7881393432617188e-07,-2.062924385070801,0.07900336384773254,0.009307978216070666,0.09647786386560736,541.8730467214971,23.278166738845588
214,36_32_0.txt,train,bounded,sx0.100_sy0.100_a0.0,0.1,0.1,0.0,-2.022658109664917,-0.04204213619232178,-0.19999980926513672,1.7881393432617188e-07,-2.2226579189300537,-0.04204195737838745,0.009500879701763188,0.09747245611845014,542.6886466807098,23.295678712600537
216,0_36_0.txt,train,bounded,sx0.100_sy0.100_a0.0,0.1,0.1,0.0,-0.8749659061431885,1.1657319068908691,-0.09999984502792358,2.384185791015625e-07,-0.9749657511711121,1.1657321453094482,0.00902712051056642,0.09501115992643401,541.7850202851582,23.276275911003424
217,2_36_0.txt,train,bounded,sx0.100_sy0.100_a0.0,0.1,0.1,0.0,-0.9551494121551514,1.0958209037780762,1.7881393432617188e-07,2.384185791015625e-07,-0.955149233341217,1.0958211421966553,0.008980957853871312,0.09476791574088411,542.3651781112379,23.288735004530366
218,4_36_0.txt,train,bounded,sx0.100_sy0.100_a0.0,0.1,0.1,0.0,-1.0370346307754517,1.0348923206329346,1.1920928955078125e-07,2.384185791015625e-07,-1.037034511566162,1.0348925590515137,0.008872794453957803,0.0941955118567642,542.2894656736765,23.287109431478964
219,6_36_0.txt,train,bounded,sx0.100_sy0.100_a0.0,0.1,0.1,0.0,-0.8845300078392029,0.9917763471603394,-0.1999998688697815,1.7881393432617188e-07,-1.0845298767089844,0.9917765259742737,0.008907936456260562,0.0943818650814899,541.640492718403,23.273171092878663
221,10_36_0.txt,train,bounded,sx0.100_sy0.100_a0.0,0.1,0.1,0.0,-1.058470368385315,1.1506574153900146,-0.19999992847442627,-0.2999998927116394,-1.2584702968597412,0.8506575226783752,0.0088736330136979,0.0941999629177098,541.9160985339308,23.27909144562843
222,12_36_0.txt,train,bounded,sx0.100_sy0.100_a0.0,0.1,0.1,0.0,-1.1294221878051758,1.0971312522888184,-0.2999999523162842,-0.2999998927116394,-1.42942214012146,0.797131359577179,0.008924885039786874,0.09447160970252848,542.0123287234275,23.28115823414779
223,14_36_0.txt,train,bounded,sx0.100_sy0.100_a0.0,0.1,0.1,0.0,-0.9748318791389465,1.0605062246322632,-0.4999999403953552,-0.2999998927116394,-1.4748318195343018,0.7605063319206238,0.008959911316636085,0.09465680808392012,541.2693959866833,23.26519709752495
224,16_36_0.txt,train,bounded,sx0.100_sy0.100_a0.0,0.1,0.1,0.0,-1.0556522607803345,1.0046271085739136,-0.49999988079071045,-0.2999998927116394,-1.555652141571045,0.7046272158622742,0.008974437474330762,0.09473350766402963,541.8392528698337,23.277440857401693
226,20_36_0.txt,train,bounded,sx0.100_sy0.100_a0.0,0.1,0.1,0.0,-1.7595795392990112,0.8634808659553528,0.10000026226043701,-0.2999998927116394,-1.6595792770385742,0.5634809732437134,0.008998256051522564,0.09485913794423056,541.9140417089299,23.279047268067693
227,24_36_0.txt,train,bounded,sx0.100_sy0.100_a0.0,0.1,0.1,0.0,-1.9428712129592896,1.0264703035354614,0.10000026226043701,-0.4999999403953552,-1.8428709506988525,0.5264703631401062,0.009208164503034353,0.09595918144208168,541.7978437548845,23.276551371603237
228,28_36_0.txt,train,bounded,sx0.100_sy0.100_a0.0,0.1,0.1,0.0,-1.860679030418396,0.9283143281936646,-0.19999992847442627,-0.4999999403953552,-2.0606789588928223,0.4283143877983093,0.009299535766960758,0.09643410064370776,541.3856503721814,23.267695424604934
229,32_36_0.txt,train,bounded,sx0.100_sy0.100_a0.0,0.1,0.1,0.0,-2.0193965435028076,0.8094384670257568,-0.19999980926513672,-0.4999999403953552,-2.2193963527679443,0.3094385266304016,0.009507803669689363,0.09750796721134825,541.8967232233155,23.278675289270982
231,40_36_0.txt,train,bounded,sx0.100_sy0.100_a0.0,0.1,0.1,0.0,-2.0850398540496826,0.043103765696287155,-0.39999985694885254,1.7881393432617188e-07,-2.485039710998535,0.04310394451022148,0.009815866165380133,0.09907505319393037,542.1146699234398,23.283356070881187
232,0_40_0.txt,train,bounded,sx0.100_sy0.100_a0.0,0.1,0.1,0.0,-1.0331168174743652,1.8648045063018799,2.384185791015625e-07,-0.5999999046325684,-1.0331165790557861,1.2648046016693115,0.00909359772779053,0.09536035721299774,541.210058548014,23.263921822169493
233,2_40_0.txt,train,bounded,sx0.100_sy0.100_a0.0,0.1,0.1,0.0,-0.8505305051803589,1.8059452772140503,-0.19999992847442627,-0.6000000238418579,-1.0505304336547852,1.2059452533721924,0.009033051786330095,0.09504236837500471,541.7670661145806,23.275890232482638
234,4_40_0.txt,train,bounded,sx0.100_sy0.100_a0.0,0.1,0.1,0.0,-0.9438449144363403,1.7678335905075073,-0.19999992847442627,-0.6000000238418579,-1.1438448429107666,1.1678335666656494,0.009057001485925099,0.09516827983065103,541.5885799664347,23.272055774392488
236,8_40_0.txt,train,bounded,sx0.100_sy0.100_a0.0,0.1,0.1,0.0,-1.110178828239441,1.1360869407653809,-0.19999992847442627,-0.09999990463256836,-1.3101787567138672,1.0360870361328125,0.009074935167371137,0.09526245413262843,541.4508983100812,23.26909749668176
237,10_40_0.txt,train,bounded,sx0.100_sy0.100_a0.0,0.1,0.1,0.0,-0.9394152760505676,1.0857958793640137,-0.4999999403953552,-0.09999984502792358,-1.4394152164459229,0.9857960343360901,0.009035658918591268,0.09505608301729704,540.9586722885164,23.258518273710308
238,12_40_0.txt,train,bounded,sx0.100_sy0.100_a0.0,0.1,0.1,0.0,-1.0362831354141235,1.047921061515808,-0.49999988079071045,-0.09999984502792358,-1.536283016204834,0.9479212164878845,0.009045963213601644,0.09511026870744108,542.0729615924176,23.28246038528612
239,14_40_0.txt,train,bounded,sx0.100_sy0.100_a0.0,0.1,0.1,0.0,-1.1128976345062256,0.9952935576438904,-0.5,1.7881393432617188e-07,-1.6128976345062256,0.9952937364578247,0.009131816739762285,0.09556053965817839,541.1966213717809,23.263633021774154
241,18_40_0.txt,train,bounded,sx0.100_sy0.100_a0.0,0.1,0.1,0.0,-1.8131458759307861,1.105437159538269,0.10000014305114746,-0.2999998927116394,-1.7131457328796387,0.8054372668266296,0.009265070200304988,0.0962552346644326,540.9490614600151,23.258311664005518
242,20_40_0.txt,train,bounded,sx0.100_sy0.100_a0.0,0.1,0.1,0.0,-1.9173496961593628,1.0647058486938477,0.10000026226043701,-0.2999998927116394,-1.8173494338989258,0.7647059559822083,0.009355604162745957,0.09672437212381353,541.4562366500189,23.2692122051869
243,24_40_0.txt,train,bounded,sx0.100_sy0.100_a0.0,0.1,0.1,0.0,-2.076446294784546,0.9459593892097473,0.10000014305114746,-0.2999998927116394,-1.9764461517333984,0.6459594964981079,0.009409474793751881,0.09700244735959955,541.2849168393487,23.265530658881364
244,28_40_0.txt,train,bounded,sx0.100_sy0.100_a0.0,0.1,0.1,0.0,-1.9938899278640747,0.8485879898071289,-0.19999992847442627,-0.2999998927116394,-2.193889856338501,0.5485880970954895,0.009557214190819216,0.09776100547160517,540.4046900497116,23.246605989901227
246,36_40_0.txt,train,bounded,sx0.100_sy0.100_a0.0,0.1,0.1,0.0,-2.088289737701416,0.8589777946472168,-0.39999985694885254,-0.4999999403953552,-2.4882895946502686,0.3589778542518616,0.009881542621659084,0.09940594862310345,542.1597179104087,23.284323436819218
247,40_40_0.txt,train,bounded,sx0.100_sy0.100_a0.0,0.1,0.1,0.0,-1.9958620071411133,-0.0097183333709836,-0.7000000476837158,0.20000022649765015,-2.695862054824829,0.19028189778327942,0.010025488503607452,0.10012736141338915,541.7238528783084,23.274961930759595
0,10_0_0.txt,val,bounded,sx0.100_sy0.100_a0.0,0.1,0.1,0.0,1.1192861795425415,-2.0016140937805176,1.1920928955078125e-07,-0.5,1.119286298751831,-2.5016140937805176,0.010713583672724495,0.10350644266288207,565.9051921647388,23.78876188801634
5,20_0_0.txt,val,bounded,sx0.100_sy0.100_a0.0,0.1,0.1,0.0,0.9362801909446716,-2.7842750549316406,-0.2999998927116394,2.384185791015625e-07,0.6362802982330322,-2.7842748165130615,0.011066087545323513,0.10519547302675868,561.0717107511219,23.686952331423345
10,40_0_0.txt,val,bounded,sx0.100_sy0.100_a0.0,0.1,0.1,0.0,0.07685044407844543,-3.124619245529175,-0.1999998688697815,-0.2999999523162842,-0.12314942479133606,-3.424619197845459,0.011219382430388473,0.10592158623429161,556.7544582605539,23.595644900289415
15,8_2_0.txt,val,bounded,sx0.100_sy0.100_a0.0,0.1,0.1,0.0,0.9802868366241455,-1.973341703414917,1.7881393432617188e-07,-0.19999980926513672,0.9802870154380798,-2.1733415126800537,0.011532956104273377,0.10739160164683911,546.5587402753217,23.37859577210149
20,18_2_0.txt,val,bounded,sx0.100_sy0.100_a0.0,0.1,0.1,0.0,1.031713843345642,-1.9527846574783325,-0.4999999403953552,-0.49999988079071045,0.5317139029502869,-2.452784538269043,0.011448120884791161,0.10699589190614359,545.0258211038225,23.345788080590093
25,36_2_0.txt,val,bounded,sx0.100_sy0.100_a0.0,0.1,0.1,0.0,0.008372943848371506,-3.016270399093628,-0.1999998688697815,2.384185791015625e-07,-0.1916269212961197,-3.016270160675049,0.011423501259071248,0.10688078058786457,545.3638486685604,23.353026541940135
30,6_4_0.txt,val,bounded,sx0.100_sy0.100_a0.0,0.1,0.1,0.0,1.1034225225448608,-1.9179962873458862,-0.1999998688697815,1.1920928955078125e-07,0.9034226536750793,-1.9179961681365967,0.01134078854851168,0.10649313850437352,544.6617708664963,23.33798986345003
35,16_4_0.txt,val,bounded,sx0.100_sy0.100_a0.0,0.1,0.1,0.0,0.9050194025039673,-1.8875572681427002,-0.4999999403953552,-0.19999980926513672,0.40501946210861206,-2.087557077407837,0.011202897859789758,0.10584374265770159,544.04698568023,23.324814804843147
40,32_4_0.txt,val,bounded,sx0.100_sy0.100_a0.0,0.1,0.1,0.0,-0.04465020075440407,-2.108454942703247,-0.1999998688697815,-0.5,-0.24465006589889526,-2.608454942703247,0.011117089488901905,0.10543760946124445,544.4224204887352,23.332861386652414
45,4_6_0.txt,val,bounded,sx0.100_sy0.100_a0.0,0.1,0.1,0.0,0.9707380533218384,-1.0665887594223022,-0.2999998927116394,-0.49999988079071045,0.670738160610199,-1.5665886402130127,0.011031624352557914,0.10503153979904281,545.3496737275735,23.352723047378728
50,18_6_0.txt,val,bounded,sx0.100_sy0.100_a0.0,0.1,0.1,0.0,0.7764182686805725,-1.819977879524231,-0.4999999403953552,-0.09999978542327881,0.2764183282852173,-1.9199776649475098,0.010890589642106888,0.10435798791710622,543.9819829751186,23.3234213393987
55,36_6_0.txt,val,bounded,sx0.100_sy0.100_a0.0,0.1,0.1,0.0,0.01558115053921938,-2.1181063652038574,-0.4999999403953552,-0.2999999523162842,-0.4844187796115875,-2.4181063175201416,0.010711170242443491,0.10349478364846941,544.4857850707126,23.334219187080432
60,6_8_0.txt,val,bounded,sx0.100_sy0.100_a0.0,0.1,0.1,0.0,0.8513438701629639,-1.0028952360153198,-0.2999998927116394,-0.29999983310699463,0.5513439774513245,-1.3028950691223145,0.010712495536508444,0.10350118615991048,543.3937266525029,23.310807078531255
65,16_8_0.txt,val,bounded,sx0.100_sy0.100_a0.0,0.1,0.1,0.0,0.1181880310177803,-1.0407357215881348,1.7881393432617188e-07,-0.5,0.11818820983171463,-1.5407357215881348,0.01050836762008397,0.10251032933360409,543.2540990613412,23.307811974986866
70,32_8_0.txt,val,bounded,sx0.100_sy0.100_a0.0,0.1,0.1,0.0,-0.024648623540997505,-1.9973505735397339,-0.49999991059303284,1.1920928955078125e-07,-0.5246485471725464,-1.9973504543304443,0.010292641895110038,0.10145265839350903,543.0987941313931,23.304480130039227
75,4_10_0.txt,val,bounded,sx0.100_sy0.100_a0.0,0.1,0.1,0.0,0.9919145703315735,-0.9576637744903564,-0.4999999403953552,1.7881393432617188e-07,0.49191462993621826,-0.9576635956764221,0.010316438301068348,0.10156986906099834,543.0365191251198,23.30314397511889
80,14_10_0.txt,val,bounded,sx0.100_sy0.100_a0.0,0.1,0.1,0.0,-0.005924808792769909,-0.9782330989837646,1.7881393432617188e-07,-0.19999980926513672,-0.005924629978835583,-1.1782329082489014,0.010103357913696983,0.1005154610679222,542.3634491807707,23.288697885042236
85,28_10_0.txt,val,bounded,sx0.100_sy0.100_a0.0,0.1,0.1,0.0,-0.08480161428451538,-1.1135563850402832,-0.4999999403953552,-0.5,-0.5848015546798706,-1.6135563850402832,0.01002667836445207,0.10013330297384616,542.9445196267018,23.301169919699348
90,2_12_0.txt,val,bounded,sx0.100_sy0.100_a0.0,0.1,0.1,0.0,0.8444105386734009,-0.13967429101467133,-0.4999999403953552,-0.4999999403953552,0.34441059827804565,-0.6396742463111877,0.01011435604780473,0.10057015485622328,542.9725255784061,23.30177086786337
95,12_12_0.txt,val,bounded,sx0.100_sy0.100_a0.0,0.1,0.1,0.0,-0.09496074914932251,-0.9431516528129578,1.7881393432617188e-07,1.7881393432617188e-07,-0.09496057033538818,-0.9431514739990234,0.00981924008076141,0.0990920787992734,542.5898563674633,23.293558259043706
100,24_12_0.txt,val,bounded,sx0.100_sy0.100_a0.0,0.1,0.1,0.0,-0.11072377860546112,-0.9810933470726013,-0.4999999403953552,-0.2999998927116394,-0.6107237339019775,-1.2810932397842407,0.009694328155038767,0.09845977937736183,542.2655459943549,23.286595843840182
105,0_14_0.txt,val,bounded,sx0.100_sy0.100_a0.0,0.1,0.1,0.0,0.9452452659606934,-0.10187529027462006,-0.699999988079071,-0.2999998927116394,0.24524527788162231,-0.40187519788742065,0.009934188515687807,0.09967039939564709,542.6754560610003,23.295395597864406
110,10_14_0.txt,val,bounded,sx0.100_sy0.100_a0.0,0.1,0.1,0.0,0.024429475888609886,-0.09558230638504028,-0.2999998927116394,-0.4999999403953552,-0.27557042241096497,-0.5955822467803955,0.009620683181600217,0.09808508134064128,542.5893745908987,23.29354791762944
115,20_14_0.txt,val,bounded,sx0.100_sy0.100_a0.0,0.1,0.1,0.0,-0.15215040743350983,-0.8644987940788269,-0.4999999403953552,1.7881393432617188e-07,-0.6521503329277039,-0.8644986152648926,0.009463270288339364,0.09727934152912099,541.3056107593884,23.265975388093842
120,40_14_0.txt,val,bounded,sx0.100_sy0.100_a0.0,0.1,0.1,0.0,-0.9957540035247803,-0.9697811007499695,-0.5,-0.4999999403953552,-1.4957540035247803,-1.4697810411453247,0.009658374713656236,0.09827703044789375,542.1385468781364,23.28386881250915
125,8_16_0.txt,val,bounded,sx0.100_sy0.100_a0.0,0.1,0.1,0.0,-0.09301885217428207,-0.03425337374210358,-0.2999998927116394,-0.2999998927116394,-0.3930187523365021,-0.3342532515525818,0.009351947941687644,0.09670547007117872,542.3075758381411,23.28749827349733
130,20_16_0.txt,val,bounded,sx0.100_sy0.100_a0.0,0.1,0.1,0.0,-0.7968875169754028,-0.05380817875266075,1.7881393432617188e-07,-0.49999991059303284,-0.7968873381614685,-0.5538080930709839,0.009143776141949955,0.09562309418728278,541.5136539269853,23.27044593313556
135,40_16_0.txt,val,bounded,sx0.100_sy0.100_a0.0,0.1,0.1,0.0,-1.0964303016662598,-0.9144416451454163,-0.5,-0.1999998688697815,-1.5964303016662598,-1.1144415140151978,0.00949571875980597,0.097445978674371,541.2686827359485,23.265181768813854
140,8_18_0.txt,val,bounded,sx0.100_sy0.100_a0.0,0.1,0.1,0.0,0.06373769789934158,-0.0078444117680192,-0.4999999403953552,1.7881393432617188e-07,-0.43626224994659424,-0.007844232954084873,0.009094487360035864,0.09536502168004715,541.3719696604859,23.267401437644168
145,18_18_0.txt,val,bounded,sx0.100_sy0.100_a0.0,0.1,0.1,0.0,-0.9356098175048828,-0.019706903025507927,1.7881393432617188e-07,-0.1999998688697815,-0.9356096386909485,-0.21970677375793457,0.009023504476089723,0.09499212849541652,541.3594695064181,23.267132816623928
150,36_18_0.txt,val,bounded,sx0.100_sy0.100_a0.0,0.1,0.1,0.0,-1.1783894300460815,-1.006264567375183,-0.3999999761581421,0.20000022649765015,-1.5783894062042236,-0.806264340877533,0.009377635175814662,0.09683819068846063,541.4751795940128,23.269619240417597
155,6_20_0.txt,val,bounded,sx0.100_sy0.100_a0.0,0.1,0.1,0.0,-0.09578141570091248,0.8373472094535828,-0.49999991059303284,-0.4999999403953552,-0.5957813262939453,0.33734726905822754,0.008965591877751259,0.0946868094179504,541.0833933171691,23.261199309519043
160,16_20_0.txt,val,bounded,sx0.100_sy0.100_a0.0,0.1,0.1,0.0,-1.048844575881958,0.03756902366876602,2.384185791015625e-07,1.7881393432617188e-07,-1.048844337463379,0.03756920248270035,0.00875411728053661,0.09356343987122646,540.7956051702632,23.255012474093906
165,32_20_0.txt,val,bounded,sx0.100_sy0.100_a0.0,0.1,0.1,0.0,-1.195743203163147,-0.15643413364887238,-0.49999988079071045,-0.2999998927116394,-1.6957430839538574,-0.4564340114593506,0.00912401455723491,0.09551970769027149,541.5970520231741,23.272237795776626
170,4_24_0.txt,val,bounded,sx0.100_sy0.100_a0.0,0.1,0.1,0.0,-0.1211157888174057,1.0673798322677612,-0.4999999403953552,-0.5999999642372131,-0.6211157441139221,0.4673798680305481,0.008991594732261477,0.09482401980648932,540.6685765398669,23.252281104009278
175,14_24_0.txt,val,bounded,sx0.100_sy0.100_a0.0,0.1,0.1,0.0,-0.8346224427223206,0.7798371315002441,-0.1999998688697815,-0.4999999403953552,-1.034622311592102,0.2798371911048889,0.008694158018182142,0.09324246896228211,541.5928256508164,23.272146992721073
180,28_24_0.txt,val,bounded,sx0.100_sy0.100_a0.0,0.1,0.1,0.0,-1.1710102558135986,-0.09838054329156876,-0.5,1.7881393432617188e-07,-1.6710102558135986,-0.09838036447763443,0.00906759100139439,0.09522389931836645,541.7515892322358,23.275557764148978
185,2_28_0.txt,val,bounded,sx0.100_sy0.100_a0.0,0.1,0.1,0.0,-0.1651352345943451,1.0514887571334839,-0.5999999046325684,-0.2999998927116394,-0.7651351690292358,0.7514888644218445,0.00906612831050386,0.09521621873664098,541.5416990045617,23.271048515366935
190,12_28_0.txt,val,bounded,sx0.100_sy0.100_a0.0,0.1,0.1,0.0,-0.89588862657547,1.0229010581970215,-0.1999998688697815,-0.4999999403953552,-1.0958884954452515,0.5229011178016663,0.008717340299034801,0.09336669801934093,541.6018992667483,23.272341937732616
195,24_28_0.txt,val,bounded,sx0.100_sy0.100_a0.0,0.1,0.1,0.0,-1.1645876169204712,0.208216592669487,-0.3999999761581421,-0.09999984502792358,-1.5645875930786133,0.10821674764156342,0.008962942281295455,0.0946728170136257,541.536381905877,23.27093427230366
200,0_32_0.txt,val,bounded,sx0.100_sy0.100_a0.0,0.1,0.1,0.0,-0.9794561266899109,1.0457810163497925,0.20000022649765015,-0.09999984502792358,-0.7794559001922607,0.9457811713218689,0.009086121197595113,0.09532114769344269,541.3292036944758,23.266482409132582
205,10_32_0.txt,val,bounded,sx0.100_sy0.100_a0.0,0.1,0.1,0.0,-0.9408518075942993,0.9934319853782654,-0.19999992847442627,-0.2999998927116394,-1.1408517360687256,0.693432092666626,0.008845507414819303,0.09405055775921428,541.7344034801342,23.275188580978977
210,20_32_0.txt,val,bounded,sx0.100_sy0.100_a0.0,0.1,0.1,0.0,-1.1236311197280884,0.9873031973838806,-0.3999999761581421,-0.4999999403953552,-1.5236310958862305,0.4873032569885254,0.008913045740767839,0.09440892828947821,541.877161552091,23.27825512258363
215,40_32_0.txt,val,bounded,sx0.100_sy0.100_a0.0,0.1,0.1,0.0,-1.9426687955856323,0.10721306502819061,-0.49999988079071045,-0.1999998688697815,-2.4426686763763428,-0.09278680384159088,0.009732960293901775,0.09865576665305366,542.1612442433841,23.284356212774792
220,8_36_0.txt,val,bounded,sx0.100_sy0.100_a0.0,0.1,0.1,0.0,-0.9617792963981628,0.9400151371955872,-0.1999998688697815,1.7881393432617188e-07,-1.1617791652679443,0.9400153160095215,0.008904776714556632,0.09436512446108802,541.0295305935173,23.260041500253546
225,18_36_0.txt,val,bounded,sx0.100_sy0.100_a0.0,0.1,0.1,0.0,-1.1554192304611206,0.9689232110977173,-0.49999988079071045,-0.2999998927116394,-1.655419111251831,0.6689233183860779,0.008988853821984185,0.09480956608899856,541.8653364299547,23.278001126169634
230,36_36_0.txt,val,bounded,sx0.100_sy0.100_a0.0,0.1,0.1,0.0,-1.9296692609786987,0.16166841983795166,-0.3999999761581421,1.7881393432617188e-07,-2.329669237136841,0.161668598651886,0.009711477524944388,0.09854682909634581,541.3951751057865,23.267900100906967
235,6_40_0.txt,val,bounded,sx0.100_sy0.100_a0.0,0.1,0.1,0.0,-1.017723560333252,1.173548698425293,-0.19999980926513672,-0.09999990463256836,-1.2177233695983887,1.0735487937927246,0.009093998216015638,0.09536245705735376,541.0867576093386,23.261271624942147
240,16_40_0.txt,val,bounded,sx0.100_sy0.100_a0.0,0.1,0.1,0.0,-1.2156734466552734,0.9596320986747742,-0.5,-0.09999984502792358,-1.7156734466552734,0.8596322536468506,0.009205241135789913,0.09594394788515799,540.9848883674272,23.259081847042612
245,32_40_0.txt,val,bounded,sx0.100_sy0.100_a0.0,0.1,0.1,0.0,-2.149282932281494,0.9758263230323792,-0.19999980926513672,-0.4999999403953552,-2.349282741546631,0.4758263826370239,0.009668038292437795,0.0983261831479174,541.9380866561222,23.279563712752914
